name,meeting_date,calendar_link,meeting_time,meeting_location,meeting_details,agenda,minutes,video,eComment
"Rules & Legislation Committee", "11/15/2018", "https://oakland.legistar.com/View.ashx?M=IC&ID=646235&GUID=199DF44B-FCC1-4020-A581-3EB3918D8F02", "10:45 AM", "City Council Chamber, 3rd Floor", "None", "None", "None", "None", "None"
"Public Safety Committee", "11/13/2018", "https://oakland.legistar.com/View.ashx?M=IC&ID=644914&GUID=F43F8F39-2CE2-4973-B955-50677E37CA68", "6:00 PM", "Sgt. Mark Dunakin Room - 1st Floor", "None", "None", "None", "None", "None"
"Life Enrichment Committee", "11/13/2018", "https://oakland.legistar.com/View.ashx?M=IC&ID=646234&GUID=3E88ADE0-8560-4274-91B8-A471F275EBAC", "4:00 PM", "Sgt. Mark Dunakin Room - 1st Floor", "None", "None", "None", "None", "None"
"Community & Economic Development Committee", "11/13/2018", "https://oakland.legistar.com/View.ashx?M=IC&ID=644913&GUID=2579BA85-0D07-4D9F-82D4-CD7518328E8F", "1:30 PM", "Sgt. Mark Dunakin Room - 1st Floor", "None", "None", "None", "None", "None"
"Special Public Works Committee", "11/13/2018", "https://oakland.legistar.com/View.ashx?M=IC&ID=646233&GUID=B63BC420-0C2D-4FC6-935E-1DD82195F3F1", "11:00 AM", "Sgt. Mark Dunakin Room - 1st Floor", "None", "None", "None", "None", "None"
"Special Finance & Management Committee", "11/13/2018", "https://oakland.legistar.com/View.ashx?M=IC&ID=644912&GUID=8015513B-8A24-4A88-930C-3B7AA00A66CF", "9:00 AM", "Sgt. Mark Dunakin Room - 1st Floor", "None", "None", "None", "None", "None"
"Rules & Legislation Committee", "11/8/2018", "https://oakland.legistar.com/View.ashx?M=IC&ID=644927&GUID=7CB64D07-1B80-45D5-A942-F38AA1943C17", "10:45 AM", "City Council Chamber, 3rd Floor", "https://oakland.legistar.com/MeetingDetail.aspx?ID=644927&GUID=7CB64D07-1B80-45D5-A942-F38AA1943C17&Options=info&Search=", "https://oakland.legistar.com/View.ashx?M=A&ID=644927&GUID=7CB64D07-1B80-45D5-A942-F38AA1943C17", "None", "None", "https://oakland.granicusideas.com/meetings/3283-star-rules-and-legislation-committee-on-2018-11-08-10-45-am"
"Meeting of the Oakland City Council - CANCELLATION", "11/6/2018", "https://oakland.legistar.com/View.ashx?M=IC&ID=644923&GUID=2D2082F4-CA49-4725-A035-6E077DF4C3B0", "5:30 PM", "City Council Chamber, 3rd Floor CANCELLATION NOTICE The Regularly Scheduled Meeting Of The City Council Has Been Cancelled In Observance Of Election Day. The Next Scheduled Meeting Of The City Council Will Be A Special City Council Meeting Held On Tuesday, November 27, 2018 At 5:30", "https://oakland.legistar.com/MeetingDetail.aspx?ID=644923&GUID=2D2082F4-CA49-4725-A035-6E077DF4C3B0&Options=info&Search=", "https://oakland.legistar.com/View.ashx?M=A&ID=644923&GUID=2D2082F4-CA49-4725-A035-6E077DF4C3B0", "None", "None", "None"
"Rules and Legislation Committee - CANCELLED", "11/1/2018", "https://oakland.legistar.com/View.ashx?M=IC&ID=643687&GUID=A48E2B05-7752-4D08-9A97-7C79BAB97A06", "10:45 AM", "City Council Chamber, 3rd Floor CANCELATION NOTICE *** THIS RULES AND LEGISLATION MEETING HAS BEEN CANCELLED. THE NEXT REGULARLY SCHEDULED MEETING OF THE RULES AND LEGISLATION COMMITTEE IS NOVEMBER 8, 2018.***", "https://oakland.legistar.com/MeetingDetail.aspx?ID=643687&GUID=A48E2B05-7752-4D08-9A97-7C79BAB97A06&Options=info&Search=", "https://oakland.legistar.com/View.ashx?M=A&ID=643687&GUID=A48E2B05-7752-4D08-9A97-7C79BAB97A06", "None", "None", "https://oakland.granicusideas.com/meetings/3282-star-rules-and-legislation-committee-on-2018-11-01-10-45-am"
"Special Concurrent Meeting of the Oakland Redevelopment Successor Agency/City Council", "10/30/2018", "https://oakland.legistar.com/View.ashx?M=IC&ID=643699&GUID=7FDFC736-675D-4E93-B4D0-94E596EA2D64", "5:30 PM", "City Council Chamber, 3rd Floor", "https://oakland.legistar.com/MeetingDetail.aspx?ID=643699&GUID=7FDFC736-675D-4E93-B4D0-94E596EA2D64&Options=info&Search=", "https://oakland.legistar.com/View.ashx?M=A&ID=643699&GUID=7FDFC736-675D-4E93-B4D0-94E596EA2D64", "None", "https://oakland.legistar.com/Video.aspx?Mode=Granicus&ID1=2920&Mode2=Video", "None"
"Rules & Legislation Committee", "10/25/2018", "https://oakland.legistar.com/View.ashx?M=IC&ID=642691&GUID=EAA7C2A3-1DC0-4F3D-A7D8-6C0E150AF8D0", "10:45 AM", "City Council Chamber, 3rd Floor", "https://oakland.legistar.com/MeetingDetail.aspx?ID=642691&GUID=EAA7C2A3-1DC0-4F3D-A7D8-6C0E150AF8D0&Options=info&Search=", "https://oakland.legistar.com/View.ashx?M=A&ID=642691&GUID=EAA7C2A3-1DC0-4F3D-A7D8-6C0E150AF8D0", "None", "https://oakland.legistar.com/Video.aspx?Mode=Granicus&ID1=2917&Mode2=Video", "None"
"Public Safety Committee - CANCELLED", "10/23/2018", "https://oakland.legistar.com/View.ashx?M=IC&ID=642637&GUID=996F6B23-E5F1-494C-BD2E-70503E708D4F", "6:00 PM", "Sgt. Mark Dunakin Room - 1st Floor CANCELLATION NOTICE The regularly scheduled meeting of the Public Safety Committee has been cancelled. The next regularly scheduled meeting of the Public Safety Committee will be held on Tuesday, November 13, 2018 at 6 p.m.", "https://oakland.legistar.com/MeetingDetail.aspx?ID=642637&GUID=996F6B23-E5F1-494C-BD2E-70503E708D4F&Options=info&Search=", "https://oakland.legistar.com/View.ashx?M=A&ID=642637&GUID=996F6B23-E5F1-494C-BD2E-70503E708D4F", "None", "None", "None"
"Special Concurrent Meeting of the Education Partnership Committee and the Oakland Unified School District Board of Education", "10/23/2018", "https://oakland.legistar.com/View.ashx?M=IC&ID=642674&GUID=A218D0F1-FA66-4522-A896-2ADDFE8F9358", "4:00 PM", "City Council Chamber, 3rd Floor", "https://oakland.legistar.com/MeetingDetail.aspx?ID=642674&GUID=A218D0F1-FA66-4522-A896-2ADDFE8F9358&Options=info&Search=", "https://oakland.legistar.com/View.ashx?M=A&ID=642674&GUID=A218D0F1-FA66-4522-A896-2ADDFE8F9358", "None", "https://oakland.legistar.com/Video.aspx?Mode=Granicus&ID1=2915&Mode2=Video", "None"
"Special Life Enrichment Committee", "10/23/2018", "https://oakland.legistar.com/View.ashx?M=IC&ID=642675&GUID=9C1DCD31-BBE1-454A-A0C9-FD5DBB9BDA14", "2:30 PM", "Sgt. Mark Dunakin Room - 1st Floor", "https://oakland.legistar.com/MeetingDetail.aspx?ID=642675&GUID=9C1DCD31-BBE1-454A-A0C9-FD5DBB9BDA14&Options=info&Search=", "https://oakland.legistar.com/View.ashx?M=A&ID=642675&GUID=9C1DCD31-BBE1-454A-A0C9-FD5DBB9BDA14", "None", "https://oakland.legistar.com/Video.aspx?Mode=Granicus&ID1=2913&Mode2=Video", "None"
"Concurrent Meeting of the Oakland Redevelopment Successor Agency and the Community and Economic Development Committee", "10/23/2018", "https://oakland.legistar.com/View.ashx?M=IC&ID=642636&GUID=DDB77DEE-FBB7-4A95-ACC4-6D08EF6E27BD", "1:30 PM", "Sgt. Mark Dunakin Room - Hearing Room 1", "https://oakland.legistar.com/MeetingDetail.aspx?ID=642636&GUID=DDB77DEE-FBB7-4A95-ACC4-6D08EF6E27BD&Options=info&Search=", "https://oakland.legistar.com/View.ashx?M=A&ID=642636&GUID=DDB77DEE-FBB7-4A95-ACC4-6D08EF6E27BD", "None", "https://oakland.legistar.com/Video.aspx?Mode=Granicus&ID1=2912&Mode2=Video", "None"
"Public Works Committee", "10/23/2018", "https://oakland.legistar.com/View.ashx?M=IC&ID=642644&GUID=63AF82CD-196C-418E-AB0B-0D50B8833209", "11:30 AM", "Sgt. Mark Dunakin Room - 1st Floor", "https://oakland.legistar.com/MeetingDetail.aspx?ID=642644&GUID=63AF82CD-196C-418E-AB0B-0D50B8833209&Options=info&Search=", "https://oakland.legistar.com/View.ashx?M=A&ID=642644&GUID=63AF82CD-196C-418E-AB0B-0D50B8833209", "None", "https://oakland.legistar.com/Video.aspx?Mode=Granicus&ID1=2911&Mode2=Video", "None"
"Special Finance & Management Committee", "10/23/2018", "https://oakland.legistar.com/View.ashx?M=IC&ID=642635&GUID=0E831DA6-0BF7-4D20-8E6F-3B9289C6AF57", "9:00 AM", "Sgt. Mark Dunakin Room - 1st Floor", "https://oakland.legistar.com/MeetingDetail.aspx?ID=642635&GUID=0E831DA6-0BF7-4D20-8E6F-3B9289C6AF57&Options=info&Search=", "https://oakland.legistar.com/View.ashx?M=A&ID=642635&GUID=0E831DA6-0BF7-4D20-8E6F-3B9289C6AF57", "None", "https://oakland.legistar.com/Video.aspx?Mode=Granicus&ID1=2910&Mode2=Video", "None"
"Rules & Legislation Committee", "10/18/2018", "https://oakland.legistar.com/View.ashx?M=IC&ID=641384&GUID=12447470-3DAB-40F1-8603-6B7B25FB9C7C", "10:45 AM", "City Council Chamber, 3rd Floor", "https://oakland.legistar.com/MeetingDetail.aspx?ID=641384&GUID=12447470-3DAB-40F1-8603-6B7B25FB9C7C&Options=info&Search=", "https://oakland.legistar.com/View.ashx?M=A&ID=641384&GUID=12447470-3DAB-40F1-8603-6B7B25FB9C7C", "None", "https://oakland.legistar.com/Video.aspx?Mode=Granicus&ID1=2905&Mode2=Video", "None"
" Concurrent Meeting of the Oakland Redevelopment Successor Agency and the City Council", "10/16/2018", "https://oakland.legistar.com/View.ashx?M=IC&ID=641353&GUID=C6CA99AE-D285-4069-A911-293C14688CFE", "5:30 PM", "City Council Chamber, 3rd Floor", "https://oakland.legistar.com/MeetingDetail.aspx?ID=641353&GUID=C6CA99AE-D285-4069-A911-293C14688CFE&Options=info&Search=", "https://oakland.legistar.com/View.ashx?M=A&ID=641353&GUID=C6CA99AE-D285-4069-A911-293C14688CFE", "None", "https://oakland.legistar.com/Video.aspx?Mode=Granicus&ID1=2902&Mode2=Video", "None"
"Rules & Legislation Committee", "10/11/2018", "https://oakland.legistar.com/View.ashx?M=IC&ID=640149&GUID=4397B65A-F623-4C4C-AE7B-C41DE8765B4B", "10:45 AM", "City Council Chamber, 3rd Floor", "https://oakland.legistar.com/MeetingDetail.aspx?ID=640149&GUID=4397B65A-F623-4C4C-AE7B-C41DE8765B4B&Options=info&Search=", "https://oakland.legistar.com/View.ashx?M=A&ID=640149&GUID=4397B65A-F623-4C4C-AE7B-C41DE8765B4B", "None", "https://oakland.legistar.com/Video.aspx?Mode=Granicus&ID1=2894&Mode2=Video", "None"
"Public Safety Committee - CANCELLED", "10/9/2018", "https://oakland.legistar.com/View.ashx?M=IC&ID=640117&GUID=9D6229C4-441E-41C1-9127-129062EC2DFF", "6:00 PM", "Sgt. Mark Dunakin Room - 1st Floor CANCELLATION NOTICE The Public Safety Committee Meeting Of October 9, 2018 Has Been Cancelled The Next Regularly Scheduled Public Safety Committee Meeting will be held on October 23, 2018", "https://oakland.legistar.com/MeetingDetail.aspx?ID=640117&GUID=9D6229C4-441E-41C1-9127-129062EC2DFF&Options=info&Search=", "https://oakland.legistar.com/View.ashx?M=A&ID=640117&GUID=9D6229C4-441E-41C1-9127-129062EC2DFF", "None", "None", "None"
"Life Enrichment Committee", "10/9/2018", "https://oakland.legistar.com/View.ashx?M=IC&ID=640145&GUID=5441A9B9-50CC-4FFC-9BD6-63B247BEDAE3", "4:00 PM", "Sgt. Mark Dunakin Room - 1st Floor", "https://oakland.legistar.com/MeetingDetail.aspx?ID=640145&GUID=5441A9B9-50CC-4FFC-9BD6-63B247BEDAE3&Options=info&Search=", "https://oakland.legistar.com/View.ashx?M=A&ID=640145&GUID=5441A9B9-50CC-4FFC-9BD6-63B247BEDAE3", "https://oakland.legistar.com/View.ashx?M=M&ID=640145&GUID=5441A9B9-50CC-4FFC-9BD6-63B247BEDAE3", "https://oakland.legistar.com/Video.aspx?Mode=Granicus&ID1=2892&Mode2=Video", "None"
"Community & Economic Development Committee", "10/9/2018", "https://oakland.legistar.com/View.ashx?M=IC&ID=640116&GUID=9A1B5195-E816-4BF1-8345-12A4CC31A850", "1:30 PM", "Sgt. Mark Dunakin Room - 1st Floor", "https://oakland.legistar.com/MeetingDetail.aspx?ID=640116&GUID=9A1B5195-E816-4BF1-8345-12A4CC31A850&Options=info&Search=", "https://oakland.legistar.com/View.ashx?M=A&ID=640116&GUID=9A1B5195-E816-4BF1-8345-12A4CC31A850", "https://oakland.legistar.com/View.ashx?M=M&ID=640116&GUID=9A1B5195-E816-4BF1-8345-12A4CC31A850", "https://oakland.legistar.com/Video.aspx?Mode=Granicus&ID1=2889&Mode2=Video", "None"
"Special Public Works Committee", "10/9/2018", "https://oakland.legistar.com/View.ashx?M=IC&ID=640150&GUID=D839246B-3725-4F4E-AEE8-C67A0A7E9DFD", "10:30 AM", "Sgt. Mark Dunakin Room - 1st Floor", "https://oakland.legistar.com/MeetingDetail.aspx?ID=640150&GUID=D839246B-3725-4F4E-AEE8-C67A0A7E9DFD&Options=info&Search=", "https://oakland.legistar.com/View.ashx?M=A&ID=640150&GUID=D839246B-3725-4F4E-AEE8-C67A0A7E9DFD", "https://oakland.legistar.com/View.ashx?M=M&ID=640150&GUID=D839246B-3725-4F4E-AEE8-C67A0A7E9DFD", "https://oakland.legistar.com/Video.aspx?Mode=Granicus&ID1=2888&Mode2=Video", "None"
"Finance and Management Committee - CANCELLED", "10/9/2018", "https://oakland.legistar.com/View.ashx?M=IC&ID=640115&GUID=D5B71DFF-B09A-44E6-9787-2DC669900585", "9:30 AM", "Sgt. Mark Dunakin Room - 1st Floor CANCELLATION NOTICE The Finance And Management Committee Meeting Of October 9, 2018 Has Been Cancelled The Next Regularly Scheduled he Finance And Management Committee Meeting will be held on October 23, 2018", "https://oakland.legistar.com/MeetingDetail.aspx?ID=640115&GUID=D5B71DFF-B09A-44E6-9787-2DC669900585&Options=info&Search=", "https://oakland.legistar.com/View.ashx?M=A&ID=640115&GUID=D5B71DFF-B09A-44E6-9787-2DC669900585", "None", "None", "None"
"Rules & Legislation Committee", "10/4/2018", "https://oakland.legistar.com/View.ashx?M=IC&ID=639452&GUID=D7E8F47F-29F3-4893-A2A5-BC8020A7201C", "10:45 AM", "City Council Chamber, 3rd Floor", "https://oakland.legistar.com/MeetingDetail.aspx?ID=639452&GUID=D7E8F47F-29F3-4893-A2A5-BC8020A7201C&Options=info&Search=", "https://oakland.legistar.com/View.ashx?M=A&ID=639452&GUID=D7E8F47F-29F3-4893-A2A5-BC8020A7201C", "https://oakland.legistar.com/View.ashx?M=M&ID=639452&GUID=D7E8F47F-29F3-4893-A2A5-BC8020A7201C", "https://oakland.legistar.com/Video.aspx?Mode=Granicus&ID1=2882&Mode2=Video", "None"
" Concurrent Meeting of the Oakland Redevelopment Successor Agency and the City Council", "10/2/2018", "https://oakland.legistar.com/View.ashx?M=IC&ID=639451&GUID=9A6B5F6A-5963-4D21-B656-EE057F8AF5D4", "5:30 PM", "City Council Chamber, 3rd Floor", "https://oakland.legistar.com/MeetingDetail.aspx?ID=639451&GUID=9A6B5F6A-5963-4D21-B656-EE057F8AF5D4&Options=info&Search=", "https://oakland.legistar.com/View.ashx?M=A&ID=639451&GUID=9A6B5F6A-5963-4D21-B656-EE057F8AF5D4", "https://oakland.legistar.com/View.ashx?M=M&ID=639451&GUID=9A6B5F6A-5963-4D21-B656-EE057F8AF5D4", "https://oakland.legistar.com/Video.aspx?Mode=Granicus&ID1=2879&Mode2=Video", "None"
"Rules & Legislation Committee", "9/27/2018", "https://oakland.legistar.com/View.ashx?M=IC&ID=638522&GUID=8DA5B601-628B-4BAB-9E04-0ED1D4808199", "10:45 AM", "City Council Chamber, 3rd Floor", "https://oakland.legistar.com/MeetingDetail.aspx?ID=638522&GUID=8DA5B601-628B-4BAB-9E04-0ED1D4808199&Options=info&Search=", "https://oakland.legistar.com/View.ashx?M=A&ID=638522&GUID=8DA5B601-628B-4BAB-9E04-0ED1D4808199", "https://oakland.legistar.com/View.ashx?M=M&ID=638522&GUID=8DA5B601-628B-4BAB-9E04-0ED1D4808199", "https://oakland.legistar.com/Video.aspx?Mode=Granicus&ID1=2872&Mode2=Video", "None"
"Public Safety Committee - CANCELLED", "9/25/2018", "https://oakland.legistar.com/View.ashx?M=IC&ID=638517&GUID=EA74E1C4-2D67-4ABC-BAFB-2212A1681A62", "6:00 PM", "Sgt. Mark Dunakin Room - 1st Floor DUE TO THE LACK OF A QUORUM THIS PUBLIC SAFETY COMMITTEE MEETING HAS BEEN CANCELLED. THE NEXT REGULARLY SCHEDULED PUBLIC SAFETY COMMITTEE MEETING WILL BE HELD ON OCTOBER 9, 2018.", "https://oakland.legistar.com/MeetingDetail.aspx?ID=638517&GUID=EA74E1C4-2D67-4ABC-BAFB-2212A1681A62&Options=info&Search=", "https://oakland.legistar.com/View.ashx?M=A&ID=638517&GUID=EA74E1C4-2D67-4ABC-BAFB-2212A1681A62", "None", "None", "None"
"Special Life Enrichment Committee", "9/25/2018", "https://oakland.legistar.com/View.ashx?M=IC&ID=638521&GUID=427DC1C6-8B0A-4415-8D56-3A1F4A543F57", "3:00 PM", "Sgt. Mark Dunakin Room - 1st Floor", "https://oakland.legistar.com/MeetingDetail.aspx?ID=638521&GUID=427DC1C6-8B0A-4415-8D56-3A1F4A543F57&Options=info&Search=", "https://oakland.legistar.com/View.ashx?M=A&ID=638521&GUID=427DC1C6-8B0A-4415-8D56-3A1F4A543F57", "https://oakland.legistar.com/View.ashx?M=M&ID=638521&GUID=427DC1C6-8B0A-4415-8D56-3A1F4A543F57", "https://oakland.legistar.com/Video.aspx?Mode=Granicus&ID1=2868&Mode2=Video", "None"
"Community & Economic Development Committee", "9/25/2018", "https://oakland.legistar.com/View.ashx?M=IC&ID=638516&GUID=71140669-2F33-4B2C-8017-34546697184B", "1:30 PM", "Sgt. Mark Dunakin Room - 1st Floor", "https://oakland.legistar.com/MeetingDetail.aspx?ID=638516&GUID=71140669-2F33-4B2C-8017-34546697184B&Options=info&Search=", "https://oakland.legistar.com/View.ashx?M=A&ID=638516&GUID=71140669-2F33-4B2C-8017-34546697184B", "https://oakland.legistar.com/View.ashx?M=M&ID=638516&GUID=71140669-2F33-4B2C-8017-34546697184B", "https://oakland.legistar.com/Video.aspx?Mode=Granicus&ID1=2867&Mode2=Video", "None"
"Public Works Committee - CANCELLED", "9/25/2018", "https://oakland.legistar.com/View.ashx?M=IC&ID=638520&GUID=E170A08F-DD17-4578-A980-737447282A53", "11:30 AM", "Sgt. Mark Dunakin Room - 1st Floor DUE TO A LACK OF QUORUM THIS PUBLIC WORKS COMMITTEE HAS BEEN CANCELLED. THE NEXT REGULARLY SCHEDULED PUBLIC WORKS COMMITTEE MEETING WILL BE HELD ON OCTOBER 9, 2018.", "https://oakland.legistar.com/MeetingDetail.aspx?ID=638520&GUID=E170A08F-DD17-4578-A980-737447282A53&Options=info&Search=", "https://oakland.legistar.com/View.ashx?M=A&ID=638520&GUID=E170A08F-DD17-4578-A980-737447282A53", "None", "None", "None"
"Finance & Management Committee", "9/25/2018", "https://oakland.legistar.com/View.ashx?M=IC&ID=638515&GUID=5BF886A4-3DB8-46A3-B6D0-66238C03930A", "9:30 AM", "Sgt. Mark Dunakin Room - 1st Floor", "https://oakland.legistar.com/MeetingDetail.aspx?ID=638515&GUID=5BF886A4-3DB8-46A3-B6D0-66238C03930A&Options=info&Search=", "https://oakland.legistar.com/View.ashx?M=A&ID=638515&GUID=5BF886A4-3DB8-46A3-B6D0-66238C03930A", "https://oakland.legistar.com/View.ashx?M=M&ID=638515&GUID=5BF886A4-3DB8-46A3-B6D0-66238C03930A", "https://oakland.legistar.com/Video.aspx?Mode=Granicus&ID1=2864&Mode2=Video", "None"
"Rules & Legislation Committee", "9/20/2018", "https://oakland.legistar.com/View.ashx?M=IC&ID=631674&GUID=931B659B-7C53-4A90-A1D3-192666F79689", "10:45 AM", "City Council Chamber, 3rd Floor", "https://oakland.legistar.com/MeetingDetail.aspx?ID=631674&GUID=931B659B-7C53-4A90-A1D3-192666F79689&Options=info&Search=", "https://oakland.legistar.com/View.ashx?M=A&ID=631674&GUID=931B659B-7C53-4A90-A1D3-192666F79689", "https://oakland.legistar.com/View.ashx?M=M&ID=631674&GUID=931B659B-7C53-4A90-A1D3-192666F79689", "https://oakland.legistar.com/Video.aspx?Mode=Granicus&ID1=2858&Mode2=Video", "None"
"Special Concurrent Meeting of the Oakland Redevelopment Successor Agency/City Council", "9/17/2018", "https://oakland.legistar.com/View.ashx?M=IC&ID=631672&GUID=1CB6CA6C-DF08-40E7-86B0-92F0154A0297", "5:30 PM", "City Council Chamber, 3rd Floor", "https://oakland.legistar.com/MeetingDetail.aspx?ID=631672&GUID=1CB6CA6C-DF08-40E7-86B0-92F0154A0297&Options=info&Search=", "https://oakland.legistar.com/View.ashx?M=A&ID=631672&GUID=1CB6CA6C-DF08-40E7-86B0-92F0154A0297", "https://oakland.legistar.com/View.ashx?M=M&ID=631672&GUID=1CB6CA6C-DF08-40E7-86B0-92F0154A0297", "https://oakland.legistar.com/Video.aspx?Mode=Granicus&ID1=2855&Mode2=Video", "None"
"Rules & Legislation Committee", "9/13/2018", "https://oakland.legistar.com/View.ashx?M=IC&ID=630791&GUID=3C8DA59F-D869-4856-926F-170EFC483673", "10:45 AM", "City Council Chamber, 3rd Floor", "https://oakland.legistar.com/MeetingDetail.aspx?ID=630791&GUID=3C8DA59F-D869-4856-926F-170EFC483673&Options=info&Search=", "https://oakland.legistar.com/View.ashx?M=A&ID=630791&GUID=3C8DA59F-D869-4856-926F-170EFC483673", "https://oakland.legistar.com/View.ashx?M=M&ID=630791&GUID=3C8DA59F-D869-4856-926F-170EFC483673", "https://oakland.legistar.com/Video.aspx?Mode=Granicus&ID1=2852&Mode2=Video", "None"
"Public Safety Committee", "9/11/2018", "https://oakland.legistar.com/View.ashx?M=IC&ID=624870&GUID=F2AD2A75-22CF-4F2C-9E4F-47E3787EF1A7", "6:00 PM", "City Council Chamber, 3rd Floor", "https://oakland.legistar.com/MeetingDetail.aspx?ID=624870&GUID=F2AD2A75-22CF-4F2C-9E4F-47E3787EF1A7&Options=info&Search=", "https://oakland.legistar.com/View.ashx?M=A&ID=624870&GUID=F2AD2A75-22CF-4F2C-9E4F-47E3787EF1A7", "https://oakland.legistar.com/View.ashx?M=M&ID=624870&GUID=F2AD2A75-22CF-4F2C-9E4F-47E3787EF1A7", "https://oakland.legistar.com/Video.aspx?Mode=Granicus&ID1=2850&Mode2=Video", "None"
"Life Enrichment Committee", "9/11/2018", "https://oakland.legistar.com/View.ashx?M=IC&ID=630790&GUID=253E8DA4-309E-4A8C-B874-A0625376FA7A", "4:00 PM", "Sgt. Mark Dunakin Room - 1st Floor", "https://oakland.legistar.com/MeetingDetail.aspx?ID=630790&GUID=253E8DA4-309E-4A8C-B874-A0625376FA7A&Options=info&Search=", "https://oakland.legistar.com/View.ashx?M=A&ID=630790&GUID=253E8DA4-309E-4A8C-B874-A0625376FA7A", "https://oakland.legistar.com/View.ashx?M=M&ID=630790&GUID=253E8DA4-309E-4A8C-B874-A0625376FA7A", "https://oakland.legistar.com/Video.aspx?Mode=Granicus&ID1=2849&Mode2=Video", "None"
"Community & Economic Development Committee", "9/11/2018", "https://oakland.legistar.com/View.ashx?M=IC&ID=624869&GUID=439D83EC-2E2A-4E98-9A4E-2203D8DF4D67", "1:30 PM", "Sgt. Mark Dunakin Room - 1st Floor", "https://oakland.legistar.com/MeetingDetail.aspx?ID=624869&GUID=439D83EC-2E2A-4E98-9A4E-2203D8DF4D67&Options=info&Search=", "https://oakland.legistar.com/View.ashx?M=A&ID=624869&GUID=439D83EC-2E2A-4E98-9A4E-2203D8DF4D67", "https://oakland.legistar.com/View.ashx?M=M&ID=624869&GUID=439D83EC-2E2A-4E98-9A4E-2203D8DF4D67", "https://oakland.legistar.com/Video.aspx?Mode=Granicus&ID1=2848&Mode2=Video", "None"
"Public Works Committee", "9/11/2018", "https://oakland.legistar.com/View.ashx?M=IC&ID=630789&GUID=FDC92E87-1AC0-4FB3-813F-DCB09EE775BE", "11:30 AM", "Sgt. Mark Dunakin Room - 1st Floor", "https://oakland.legistar.com/MeetingDetail.aspx?ID=630789&GUID=FDC92E87-1AC0-4FB3-813F-DCB09EE775BE&Options=info&Search=", "https://oakland.legistar.com/View.ashx?M=A&ID=630789&GUID=FDC92E87-1AC0-4FB3-813F-DCB09EE775BE", "https://oakland.legistar.com/View.ashx?M=M&ID=630789&GUID=FDC92E87-1AC0-4FB3-813F-DCB09EE775BE", "https://oakland.legistar.com/Video.aspx?Mode=Granicus&ID1=2847&Mode2=Video", "None"
"Finance & Management Committee", "9/11/2018", "https://oakland.legistar.com/View.ashx?M=IC&ID=624868&GUID=83BE38C3-2B59-4F8A-B95D-7A2EE0CC2491", "9:30 AM", "Sgt. Mark Dunakin Room - 1st Floor", "https://oakland.legistar.com/MeetingDetail.aspx?ID=624868&GUID=83BE38C3-2B59-4F8A-B95D-7A2EE0CC2491&Options=info&Search=", "https://oakland.legistar.com/View.ashx?M=A&ID=624868&GUID=83BE38C3-2B59-4F8A-B95D-7A2EE0CC2491", "https://oakland.legistar.com/View.ashx?M=M&ID=624868&GUID=83BE38C3-2B59-4F8A-B95D-7A2EE0CC2491", "https://oakland.legistar.com/Video.aspx?Mode=Granicus&ID1=2846&Mode2=Video", "None"
"Office of the Mayor Annual Recess Agenda", "8/21/2018", "https://oakland.legistar.com/View.ashx?M=IC&ID=621352&GUID=736062FF-F72A-4792-ACE9-04B45CC1BA6B", "8:30 AM", "Oakland City Hall - 3rd Floor THIS IS NOT AN ACTUAL MEETING OF THE OAKLAND CITY COUNCIL. THIS AGENDA SERVES AS NOTICE OF ACTIONS TAKEN WITHIN THE MAYOR'S AUTHORITY DURING THE AUGUST RECESS PERIOD.", "https://oakland.legistar.com/MeetingDetail.aspx?ID=621352&GUID=736062FF-F72A-4792-ACE9-04B45CC1BA6B&Options=info&Search=", "https://oakland.legistar.com/View.ashx?M=A&ID=621352&GUID=736062FF-F72A-4792-ACE9-04B45CC1BA6B", "https://oakland.legistar.com/View.ashx?M=M&ID=621352&GUID=736062FF-F72A-4792-ACE9-04B45CC1BA6B", "None", "None"
"Rules and Legislation Committee - CANCELLED", "7/26/2018", "https://oakland.legistar.com/View.ashx?M=IC&ID=613995&GUID=C43B8BE8-8051-47EE-8391-2B47B33AE98F", "10:45 AM", "City Council Chamber, 3rd Floor THE RULES AND LEGISLATION COMMITTEE MEETING HAS BEEN CANCELLED. THE NEXT REGULARLY SCHEDULED MEETING WILL BE HELD TBD.", "https://oakland.legistar.com/MeetingDetail.aspx?ID=613995&GUID=C43B8BE8-8051-47EE-8391-2B47B33AE98F&Options=info&Search=", "https://oakland.legistar.com/View.ashx?M=A&ID=613995&GUID=C43B8BE8-8051-47EE-8391-2B47B33AE98F", "None", "None", "None"
"Special Concurrent Meeting of the Oakland Redevelopment Successor Agency / City Council / Geologic Hazard Abatement District Board", "7/24/2018", "https://oakland.legistar.com/View.ashx?M=IC&ID=613994&GUID=396861D8-D932-4ECA-BD9A-3F98489C6E33", "3:00 PM", "City Council Chamber, 3rd Floor", "https://oakland.legistar.com/MeetingDetail.aspx?ID=613994&GUID=396861D8-D932-4ECA-BD9A-3F98489C6E33&Options=info&Search=", "https://oakland.legistar.com/View.ashx?M=A&ID=613994&GUID=396861D8-D932-4ECA-BD9A-3F98489C6E33", "https://oakland.legistar.com/View.ashx?M=M&ID=613994&GUID=396861D8-D932-4ECA-BD9A-3F98489C6E33", "https://oakland.legistar.com/Video.aspx?Mode=Granicus&ID1=2819&Mode2=Video", "None"
"Rules & Legislation Committee", "7/19/2018", "https://oakland.legistar.com/View.ashx?M=IC&ID=613314&GUID=412E0ACF-C2A0-4CCC-A752-D999B8055C51", "10:45 AM", "City Council Chamber, 3rd Floor", "https://oakland.legistar.com/MeetingDetail.aspx?ID=613314&GUID=412E0ACF-C2A0-4CCC-A752-D999B8055C51&Options=info&Search=", "https://oakland.legistar.com/View.ashx?M=A&ID=613314&GUID=412E0ACF-C2A0-4CCC-A752-D999B8055C51", "https://oakland.legistar.com/View.ashx?M=M&ID=613314&GUID=412E0ACF-C2A0-4CCC-A752-D999B8055C51", "https://oakland.legistar.com/Video.aspx?Mode=Granicus&ID1=2815&Mode2=Video", "None"
"Special Public Safety Committee", "7/17/2018", "https://oakland.legistar.com/View.ashx?M=IC&ID=613318&GUID=32CF8100-288B-4DD1-B31E-87EBC9F6115B", "6:00 PM", "Sgt. Mark Dunakin Room - 1st Floor", "https://oakland.legistar.com/MeetingDetail.aspx?ID=613318&GUID=32CF8100-288B-4DD1-B31E-87EBC9F6115B&Options=info&Search=", "https://oakland.legistar.com/View.ashx?M=A&ID=613318&GUID=32CF8100-288B-4DD1-B31E-87EBC9F6115B", "https://oakland.legistar.com/View.ashx?M=M&ID=613318&GUID=32CF8100-288B-4DD1-B31E-87EBC9F6115B", "https://oakland.legistar.com/Video.aspx?Mode=Granicus&ID1=2813&Mode2=Video", "None"
"Special Life Enrichment Committee", "7/17/2018", "https://oakland.legistar.com/View.ashx?M=IC&ID=613313&GUID=2EE52ABF-2E67-4504-B1E0-6495E880587F", "4:00 PM", "Sgt. Mark Dunakin Room - 1st Floor AT THE CALL OF THE CHAIR, THIS MEETING WAS CANCELLED", "https://oakland.legistar.com/MeetingDetail.aspx?ID=613313&GUID=2EE52ABF-2E67-4504-B1E0-6495E880587F&Options=info&Search=", "https://oakland.legistar.com/View.ashx?M=A&ID=613313&GUID=2EE52ABF-2E67-4504-B1E0-6495E880587F", "None", "None", "None"
" Special Concurrent Meeting of the Oakland Redevelopment Successor Agency and Community & Economic Development Committee", "7/17/2018", "https://oakland.legistar.com/View.ashx?M=IC&ID=613317&GUID=77494A01-F470-47E1-A136-EAC24A01BFDD", "11:30 AM", "Council Chambers - 3rd Floor", "https://oakland.legistar.com/MeetingDetail.aspx?ID=613317&GUID=77494A01-F470-47E1-A136-EAC24A01BFDD&Options=info&Search=", "https://oakland.legistar.com/View.ashx?M=A&ID=613317&GUID=77494A01-F470-47E1-A136-EAC24A01BFDD", "https://oakland.legistar.com/View.ashx?M=M&ID=613317&GUID=77494A01-F470-47E1-A136-EAC24A01BFDD", "https://oakland.legistar.com/Video.aspx?Mode=Granicus&ID1=2812&Mode2=Video", "None"
"Special Public Works Committee", "7/17/2018", "https://oakland.legistar.com/View.ashx?M=IC&ID=613312&GUID=9904B8F0-2522-440E-A436-EAF55D35FCDF", "10:00 AM", "Sgt. Mark Dunakin Room - 1st Floor", "https://oakland.legistar.com/MeetingDetail.aspx?ID=613312&GUID=9904B8F0-2522-440E-A436-EAF55D35FCDF&Options=info&Search=", "https://oakland.legistar.com/View.ashx?M=A&ID=613312&GUID=9904B8F0-2522-440E-A436-EAF55D35FCDF", "https://oakland.legistar.com/View.ashx?M=M&ID=613312&GUID=9904B8F0-2522-440E-A436-EAF55D35FCDF", "https://oakland.legistar.com/Video.aspx?Mode=Granicus&ID1=2811&Mode2=Video", "None"
"Special Finance & Management Committee", "7/17/2018", "https://oakland.legistar.com/View.ashx?M=IC&ID=613316&GUID=A5A539EE-F31E-4701-90E8-5988B17D828A", "9:00 AM", "Sgt. Mark Dunakin Room - 1st Floor", "https://oakland.legistar.com/MeetingDetail.aspx?ID=613316&GUID=A5A539EE-F31E-4701-90E8-5988B17D828A&Options=info&Search=", "https://oakland.legistar.com/View.ashx?M=A&ID=613316&GUID=A5A539EE-F31E-4701-90E8-5988B17D828A", "https://oakland.legistar.com/View.ashx?M=M&ID=613316&GUID=A5A539EE-F31E-4701-90E8-5988B17D828A", "https://oakland.legistar.com/Video.aspx?Mode=Granicus&ID1=2810&Mode2=Video", "None"
"Rules & Legislation Committee", "7/12/2018", "https://oakland.legistar.com/View.ashx?M=IC&ID=612973&GUID=86D73CC3-5395-4892-94DE-B6B44BD4767E", "10:45 AM", "City Council Chamber, 3rd Floor", "https://oakland.legistar.com/MeetingDetail.aspx?ID=612973&GUID=86D73CC3-5395-4892-94DE-B6B44BD4767E&Options=info&Search=", "https://oakland.legistar.com/View.ashx?M=A&ID=612973&GUID=86D73CC3-5395-4892-94DE-B6B44BD4767E", "https://oakland.legistar.com/View.ashx?M=M&ID=612973&GUID=86D73CC3-5395-4892-94DE-B6B44BD4767E", "https://oakland.legistar.com/Video.aspx?Mode=Granicus&ID1=2807&Mode2=Video", "None"
"Special Concurrent Meeting of the Oakland Redevelopment Successor Agency/City Council", "7/10/2018", "https://oakland.legistar.com/View.ashx?M=IC&ID=612972&GUID=B5BA5A96-20D8-4FE4-82A0-2CD27279BDD9", "5:30 PM", "City Council Chamber, 3rd Floor", "https://oakland.legistar.com/MeetingDetail.aspx?ID=612972&GUID=B5BA5A96-20D8-4FE4-82A0-2CD27279BDD9&Options=info&Search=", "https://oakland.legistar.com/View.ashx?M=A&ID=612972&GUID=B5BA5A96-20D8-4FE4-82A0-2CD27279BDD9", "https://oakland.legistar.com/View.ashx?M=M&ID=612972&GUID=B5BA5A96-20D8-4FE4-82A0-2CD27279BDD9", "https://oakland.legistar.com/Video.aspx?Mode=Granicus&ID1=2803&Mode2=Video", "None"
"Rules & Legislation Committee", "7/5/2018", "https://oakland.legistar.com/View.ashx?M=IC&ID=611810&GUID=28FD2B6E-5034-4658-A524-07D6D6F910E2", "10:45 AM", "City Council Chamber, 3rd Floor", "https://oakland.legistar.com/MeetingDetail.aspx?ID=611810&GUID=28FD2B6E-5034-4658-A524-07D6D6F910E2&Options=info&Search=", "https://oakland.legistar.com/View.ashx?M=A&ID=611810&GUID=28FD2B6E-5034-4658-A524-07D6D6F910E2", "https://oakland.legistar.com/View.ashx?M=M&ID=611810&GUID=28FD2B6E-5034-4658-A524-07D6D6F910E2", "https://oakland.legistar.com/Video.aspx?Mode=Granicus&ID1=2797&Mode2=Video", "None"
"Meeting of the Oakland City Council - CANCELLATION", "7/3/2018", "https://oakland.legistar.com/View.ashx?M=IC&ID=611809&GUID=82187667-7B35-4BEE-BDDF-2860B8023CFA", "5:30 PM", "City Council Chamber, 3rd Floor CANCELLATION NOTICE", "https://oakland.legistar.com/MeetingDetail.aspx?ID=611809&GUID=82187667-7B35-4BEE-BDDF-2860B8023CFA&Options=info&Search=", "https://oakland.legistar.com/View.ashx?M=A&ID=611809&GUID=82187667-7B35-4BEE-BDDF-2860B8023CFA", "None", "None", "None"
"Rules & Legislation Committee", "6/28/2018", "https://oakland.legistar.com/View.ashx?M=IC&ID=611247&GUID=9E547B00-E45D-40CF-A9CB-8045743C5A63", "10:45 AM", "City Council Chamber, 3rd Floor", "https://oakland.legistar.com/MeetingDetail.aspx?ID=611247&GUID=9E547B00-E45D-40CF-A9CB-8045743C5A63&Options=info&Search=", "https://oakland.legistar.com/View.ashx?M=A&ID=611247&GUID=9E547B00-E45D-40CF-A9CB-8045743C5A63", "https://oakland.legistar.com/View.ashx?M=M&ID=611247&GUID=9E547B00-E45D-40CF-A9CB-8045743C5A63", "https://oakland.legistar.com/Video.aspx?Mode=Granicus&ID1=2789&Mode2=Video", "None"
"Public Safety Committee", "6/26/2018", "https://oakland.legistar.com/View.ashx?M=IC&ID=610923&GUID=5AFD86EE-B1F2-465C-981E-0319CDB76000", "6:00 PM", "Sgt. Mark Dunakin Room - 1st Floor", "https://oakland.legistar.com/MeetingDetail.aspx?ID=610923&GUID=5AFD86EE-B1F2-465C-981E-0319CDB76000&Options=info&Search=", "https://oakland.legistar.com/View.ashx?M=A&ID=610923&GUID=5AFD86EE-B1F2-465C-981E-0319CDB76000", "https://oakland.legistar.com/View.ashx?M=M&ID=610923&GUID=5AFD86EE-B1F2-465C-981E-0319CDB76000", "https://oakland.legistar.com/Video.aspx?Mode=Granicus&ID1=2788&Mode2=Video", "None"
"Life Enrichment Committee", "6/26/2018", "https://oakland.legistar.com/View.ashx?M=IC&ID=610928&GUID=646E192A-4ECC-4E04-B088-B2C097B71B3A", "4:00 PM", "Sgt. Mark Dunakin Room - 1st Floor", "https://oakland.legistar.com/MeetingDetail.aspx?ID=610928&GUID=646E192A-4ECC-4E04-B088-B2C097B71B3A&Options=info&Search=", "https://oakland.legistar.com/View.ashx?M=A&ID=610928&GUID=646E192A-4ECC-4E04-B088-B2C097B71B3A", "https://oakland.legistar.com/View.ashx?M=M&ID=610928&GUID=646E192A-4ECC-4E04-B088-B2C097B71B3A", "https://oakland.legistar.com/Video.aspx?Mode=Granicus&ID1=2787&Mode2=Video", "None"
" Special Concurrent Meeting of the Oakland Redevelopment Successor Agency and Community & Economic Development Committee", "6/26/2018", "https://oakland.legistar.com/View.ashx?M=IC&ID=610922&GUID=0B508754-5E7E-4D9B-AE36-15C7C7440D4F", "1:00 PM", "City Council Chamber, 3rd Floor", "https://oakland.legistar.com/MeetingDetail.aspx?ID=610922&GUID=0B508754-5E7E-4D9B-AE36-15C7C7440D4F&Options=info&Search=", "https://oakland.legistar.com/View.ashx?M=A&ID=610922&GUID=0B508754-5E7E-4D9B-AE36-15C7C7440D4F", "https://oakland.legistar.com/View.ashx?M=M&ID=610922&GUID=0B508754-5E7E-4D9B-AE36-15C7C7440D4F", "https://oakland.legistar.com/Video.aspx?Mode=Granicus&ID1=2786&Mode2=Video", "None"
"Public Works Committee", "6/26/2018", "https://oakland.legistar.com/View.ashx?M=IC&ID=610925&GUID=7A785BE2-AE7B-4CEF-BA7A-BD7765408965", "11:30 AM", "Sgt. Mark Dunakin Room - 1st Floor", "https://oakland.legistar.com/MeetingDetail.aspx?ID=610925&GUID=7A785BE2-AE7B-4CEF-BA7A-BD7765408965&Options=info&Search=", "https://oakland.legistar.com/View.ashx?M=A&ID=610925&GUID=7A785BE2-AE7B-4CEF-BA7A-BD7765408965", "https://oakland.legistar.com/View.ashx?M=M&ID=610925&GUID=7A785BE2-AE7B-4CEF-BA7A-BD7765408965", "https://oakland.legistar.com/Video.aspx?Mode=Granicus&ID1=2785&Mode2=Video", "None"
"Concurrent Meeting of the Oakland Redevelopment Successor Agency and Finance and Management Committee", "6/26/2018", "https://oakland.legistar.com/View.ashx?M=IC&ID=610921&GUID=2A2D2491-D953-4B42-992D-7EDAAB895EB5", "9:30 AM", "Sgt. Mark Dunakin Room - Hearing Room 1", "https://oakland.legistar.com/MeetingDetail.aspx?ID=610921&GUID=2A2D2491-D953-4B42-992D-7EDAAB895EB5&Options=info&Search=", "https://oakland.legistar.com/View.ashx?M=A&ID=610921&GUID=2A2D2491-D953-4B42-992D-7EDAAB895EB5", "https://oakland.legistar.com/View.ashx?M=M&ID=610921&GUID=2A2D2491-D953-4B42-992D-7EDAAB895EB5", "https://oakland.legistar.com/Video.aspx?Mode=Granicus&ID1=2784&Mode2=Video", "None"
"Rules and Legislation Committee - CANCELLED", "6/21/2018", "https://oakland.legistar.com/View.ashx?M=IC&ID=610355&GUID=473E35AA-9472-4399-B1DD-53D66F7E4A84", "10:45 AM", "City Council Chamber, 3rd Floor", "https://oakland.legistar.com/MeetingDetail.aspx?ID=610355&GUID=473E35AA-9472-4399-B1DD-53D66F7E4A84&Options=info&Search=", "https://oakland.legistar.com/View.ashx?M=A&ID=610355&GUID=473E35AA-9472-4399-B1DD-53D66F7E4A84", "None", "None", "None"
" Concurrent Meeting of the Oakland Redevelopment Successor Agency and the City Council", "6/19/2018", "https://oakland.legistar.com/View.ashx?M=IC&ID=610354&GUID=1176EF24-9E8A-4121-90C7-90AC19B8DF6E", "5:30 PM", "City Council Chamber, 3rd Floor", "https://oakland.legistar.com/MeetingDetail.aspx?ID=610354&GUID=1176EF24-9E8A-4121-90C7-90AC19B8DF6E&Options=info&Search=", "https://oakland.legistar.com/View.ashx?M=A&ID=610354&GUID=1176EF24-9E8A-4121-90C7-90AC19B8DF6E", "https://oakland.legistar.com/View.ashx?M=M&ID=610354&GUID=1176EF24-9E8A-4121-90C7-90AC19B8DF6E", "https://oakland.legistar.com/Video.aspx?Mode=Granicus&ID1=2776&Mode2=Video", "None"
"Rules and Legislation Committee - CANCELLED", "6/14/2018", "https://oakland.legistar.com/View.ashx?M=IC&ID=609104&GUID=28CA8BF3-1BBA-46F3-9F05-40E2B6F3221B", "10:45 AM", "City Council Chamber, 3rd Floor", "https://oakland.legistar.com/MeetingDetail.aspx?ID=609104&GUID=28CA8BF3-1BBA-46F3-9F05-40E2B6F3221B&Options=info&Search=", "https://oakland.legistar.com/View.ashx?M=A&ID=609104&GUID=28CA8BF3-1BBA-46F3-9F05-40E2B6F3221B", "None", "None", "None"
"Public Safety Committee - CANCELLED", "6/12/2018", "https://oakland.legistar.com/View.ashx?M=IC&ID=609108&GUID=45BC7549-6AE8-4C88-B997-2F28FFC96965", "6:00 PM", "Sgt. Mark Dunakin Room - 1st Floor THIS MEETING HAS BEEN CANCELLED. THE NEXT REGULARLY SCHEDULED MEETING WILL BE JUNE 26, 2018.", "https://oakland.legistar.com/MeetingDetail.aspx?ID=609108&GUID=45BC7549-6AE8-4C88-B997-2F28FFC96965&Options=info&Search=", "https://oakland.legistar.com/View.ashx?M=A&ID=609108&GUID=45BC7549-6AE8-4C88-B997-2F28FFC96965", "None", "None", "None"
"Life Enrichment Committee - CANCELLED", "6/12/2018", "https://oakland.legistar.com/View.ashx?M=IC&ID=609103&GUID=EEEB90BD-AE19-4AAC-9060-9F2223E102F0", "4:00 PM", "Sgt. Mark Dunakin Room - 1st Floor THIS MEETING HAS BEEN CANCELLED. THE NEXT REGULARLY SCHEDULED MEETING WILL BE JUNE 26, 2018.", "https://oakland.legistar.com/MeetingDetail.aspx?ID=609103&GUID=EEEB90BD-AE19-4AAC-9060-9F2223E102F0&Options=info&Search=", "https://oakland.legistar.com/View.ashx?M=A&ID=609103&GUID=EEEB90BD-AE19-4AAC-9060-9F2223E102F0", "None", "None", "None"
"Community and Economic Development Committee - CANCELLED", "6/12/2018", "https://oakland.legistar.com/View.ashx?M=IC&ID=609107&GUID=4FF70A26-7307-4570-A17F-151637B76951", "1:30 PM", "Sgt. Mark Dunakin Room - 1st Floor THIS MEETING HAS BEEN CANCELLED. THE NEXT REGULARLY SCHEDULED MEETING WILL BE JUNE 26, 2018.", "https://oakland.legistar.com/MeetingDetail.aspx?ID=609107&GUID=4FF70A26-7307-4570-A17F-151637B76951&Options=info&Search=", "https://oakland.legistar.com/View.ashx?M=A&ID=609107&GUID=4FF70A26-7307-4570-A17F-151637B76951", "None", "None", "None"
"Public Works Committee - CANCELLED", "6/12/2018", "https://oakland.legistar.com/View.ashx?M=IC&ID=609102&GUID=C134C44D-C240-4022-9D07-051F51C7ABC2", "11:30 AM", "Sgt. Mark Dunakin Room - 1st Floor THIS MEETING HAS BEEN CANCELLED. THE NEXT REGULARLY SCHEDULED MEETING WILL BE JUNE 26, 2018.", "https://oakland.legistar.com/MeetingDetail.aspx?ID=609102&GUID=C134C44D-C240-4022-9D07-051F51C7ABC2&Options=info&Search=", "https://oakland.legistar.com/View.ashx?M=A&ID=609102&GUID=C134C44D-C240-4022-9D07-051F51C7ABC2", "None", "None", "None"
"Finance and Management Committee - CANCELLED", "6/12/2018", "https://oakland.legistar.com/View.ashx?M=IC&ID=609106&GUID=DAF818A6-1F19-4C15-8EC2-A88954FCC63F", "9:30 AM", "Sgt. Mark Dunakin Room - 1st Floor THIS MEETING HAS BEEN CANCELLED. THE NEXT REGULARLY SCHEDULED MEETING WILL BE JUNE 26, 2018.", "https://oakland.legistar.com/MeetingDetail.aspx?ID=609106&GUID=DAF818A6-1F19-4C15-8EC2-A88954FCC63F&Options=info&Search=", "https://oakland.legistar.com/View.ashx?M=A&ID=609106&GUID=DAF818A6-1F19-4C15-8EC2-A88954FCC63F", "None", "None", "None"
"Rules and Legislation Committee - CANCELLED", "6/7/2018", "https://oakland.legistar.com/View.ashx?M=IC&ID=608368&GUID=59C7F5D0-8481-425B-9277-57EFB91B668C", "10:45 AM", "City Council Chamber, 3rd Floor CANCELATION NOTICE *** THIS RULES AND LEGISLATION MEETING HAS BEEN CANCELLED. THE NEXT REGULARLY SCHEDULED MEETING OF THE RULES AND LEGISLATION COMMITTEE IS JUNE 14, 2018.***", "https://oakland.legistar.com/MeetingDetail.aspx?ID=608368&GUID=59C7F5D0-8481-425B-9277-57EFB91B668C&Options=info&Search=", "https://oakland.legistar.com/View.ashx?M=A&ID=608368&GUID=59C7F5D0-8481-425B-9277-57EFB91B668C", "None", "None", "None"
" Concurrent Meeting of the Oakland Redevelopment Successor Agency and the City Council", "6/5/2018", "https://oakland.legistar.com/View.ashx?M=IC&ID=609448&GUID=0684687D-60EB-45FB-9E9F-9BB4AD6387E1", "5:30 PM", "City Council Chamber, 3rd Floor CANCELLED THE CONCURRENT OAKLAND REDEVELOPMENT SUCCESSOR AGENCY AND CITY COUNCIL MEETING HAS BEEN CANCELLED. ALL ITEMS HAVE BEEN REFFERED TO THE *SPECIAL CONCURRENT OAKLAND REDEVELOPMENT SUCCESSOR AGENCY AND CITY COUNCIL MEETING ON JUNE 5, 2018 AT 5 PM", "https://oakland.legistar.com/MeetingDetail.aspx?ID=609448&GUID=0684687D-60EB-45FB-9E9F-9BB4AD6387E1&Options=info&Search=", "None", "None", "None", "None"
"Special Concurrent Meeting of the Oakland Redevelopment Successor Agency/City Council", "6/5/2018", "https://oakland.legistar.com/View.ashx?M=IC&ID=608367&GUID=926586FE-AB23-4331-8A11-C912BDDC6B65", "5:00 PM", "City Council Chamber, 3rd Floor", "https://oakland.legistar.com/MeetingDetail.aspx?ID=608367&GUID=926586FE-AB23-4331-8A11-C912BDDC6B65&Options=info&Search=", "https://oakland.legistar.com/View.ashx?M=A&ID=608367&GUID=926586FE-AB23-4331-8A11-C912BDDC6B65", "https://oakland.legistar.com/View.ashx?M=M&ID=608367&GUID=926586FE-AB23-4331-8A11-C912BDDC6B65", "https://oakland.legistar.com/Video.aspx?Mode=Granicus&ID1=2762&Mode2=Video", "None"
"Rules and Legislation Committee - CANCELLED", "5/31/2018", "https://oakland.legistar.com/View.ashx?M=IC&ID=607574&GUID=8D019E88-19B7-4F15-AF14-4D04B4958DDF", "10:45 AM", "City Council Chamber, 3rd Floor", "https://oakland.legistar.com/MeetingDetail.aspx?ID=607574&GUID=8D019E88-19B7-4F15-AF14-4D04B4958DDF&Options=info&Search=", "https://oakland.legistar.com/View.ashx?M=A&ID=607574&GUID=8D019E88-19B7-4F15-AF14-4D04B4958DDF", "None", "None", "None"
" Special Meeting of the Oakland City Council", "5/29/2018", "https://oakland.legistar.com/View.ashx?M=IC&ID=607537&GUID=B11CD5BB-0E9A-4BAD-9B62-E008DDE03B69", "5:00 PM", "City Council Chamber, 3rd Floor", "https://oakland.legistar.com/MeetingDetail.aspx?ID=607537&GUID=B11CD5BB-0E9A-4BAD-9B62-E008DDE03B69&Options=info&Search=", "https://oakland.legistar.com/View.ashx?M=A&ID=607537&GUID=B11CD5BB-0E9A-4BAD-9B62-E008DDE03B69", "https://oakland.legistar.com/View.ashx?M=M&ID=607537&GUID=B11CD5BB-0E9A-4BAD-9B62-E008DDE03B69", "https://oakland.legistar.com/Video.aspx?Mode=Granicus&ID1=2757&Mode2=Video", "None"
"Rules & Legislation Committee", "5/24/2018", "https://oakland.legistar.com/View.ashx?M=IC&ID=606555&GUID=46DC5E5D-AA49-47EF-B04C-57ACAF3DA135", "10:45 AM", "City Council Chamber, 3rd Floor", "https://oakland.legistar.com/MeetingDetail.aspx?ID=606555&GUID=46DC5E5D-AA49-47EF-B04C-57ACAF3DA135&Options=info&Search=", "https://oakland.legistar.com/View.ashx?M=A&ID=606555&GUID=46DC5E5D-AA49-47EF-B04C-57ACAF3DA135", "https://oakland.legistar.com/View.ashx?M=M&ID=606555&GUID=46DC5E5D-AA49-47EF-B04C-57ACAF3DA135", "https://oakland.legistar.com/Video.aspx?Mode=Granicus&ID1=2753&Mode2=Video", "None"
"Public Safety Committee - CANCELLED", "5/22/2018", "https://oakland.legistar.com/View.ashx?M=IC&ID=606594&GUID=BA31D240-8A05-477C-83EF-3B809D7CB02A", "6:00 PM", "Sgt. Mark Dunakin Room - 1st Floor DUE TO A LACK OF QUORUM THIS PUBLIC SAFETY COMMITTEE HAS BEEN CANCELLED. THE NEXT REGULARLY SCHEDULED PUBLIC SAFETY COMMITTEE MEETING WILL BE HELD ON JUNE 12, 2018.", "https://oakland.legistar.com/MeetingDetail.aspx?ID=606594&GUID=BA31D240-8A05-477C-83EF-3B809D7CB02A&Options=info&Search=", "https://oakland.legistar.com/View.ashx?M=A&ID=606594&GUID=BA31D240-8A05-477C-83EF-3B809D7CB02A", "None", "None", "None"
"Life Enrichment Committee", "5/22/2018", "https://oakland.legistar.com/View.ashx?M=IC&ID=606554&GUID=D8496718-74CC-4A31-B995-3323A614826A", "4:00 PM", "Sgt. Mark Dunakin Room - 1st Floor", "https://oakland.legistar.com/MeetingDetail.aspx?ID=606554&GUID=D8496718-74CC-4A31-B995-3323A614826A&Options=info&Search=", "https://oakland.legistar.com/View.ashx?M=A&ID=606554&GUID=D8496718-74CC-4A31-B995-3323A614826A", "https://oakland.legistar.com/View.ashx?M=M&ID=606554&GUID=D8496718-74CC-4A31-B995-3323A614826A", "https://oakland.legistar.com/Video.aspx?Mode=Granicus&ID1=2750&Mode2=Video", "None"
"Community & Economic Development Committee", "5/22/2018", "https://oakland.legistar.com/View.ashx?M=IC&ID=606593&GUID=B3D0D33B-7029-42B1-BEBB-B07C6F27BE69", "1:30 PM", "Sgt. Mark Dunakin Room - 1st Floor", "https://oakland.legistar.com/MeetingDetail.aspx?ID=606593&GUID=B3D0D33B-7029-42B1-BEBB-B07C6F27BE69&Options=info&Search=", "https://oakland.legistar.com/View.ashx?M=A&ID=606593&GUID=B3D0D33B-7029-42B1-BEBB-B07C6F27BE69", "https://oakland.legistar.com/View.ashx?M=M&ID=606593&GUID=B3D0D33B-7029-42B1-BEBB-B07C6F27BE69", "https://oakland.legistar.com/Video.aspx?Mode=Granicus&ID1=2749&Mode2=Video", "None"
"Public Works Committee", "5/22/2018", "https://oakland.legistar.com/View.ashx?M=IC&ID=606553&GUID=5947614A-3C04-4E63-A435-99519A376326", "11:30 AM", "Sgt. Mark Dunakin Room - 1st Floor", "https://oakland.legistar.com/MeetingDetail.aspx?ID=606553&GUID=5947614A-3C04-4E63-A435-99519A376326&Options=info&Search=", "https://oakland.legistar.com/View.ashx?M=A&ID=606553&GUID=5947614A-3C04-4E63-A435-99519A376326", "https://oakland.legistar.com/View.ashx?M=M&ID=606553&GUID=5947614A-3C04-4E63-A435-99519A376326", "https://oakland.legistar.com/Video.aspx?Mode=Granicus&ID1=2748&Mode2=Video", "None"
"Special Finance & Management Committee", "5/22/2018", "https://oakland.legistar.com/View.ashx?M=IC&ID=606592&GUID=23B152AC-6AEC-4C29-815A-B0FB551B709B", "9:00 AM", "Sgt. Mark Dunakin Room - 1st Floor", "https://oakland.legistar.com/MeetingDetail.aspx?ID=606592&GUID=23B152AC-6AEC-4C29-815A-B0FB551B709B&Options=info&Search=", "https://oakland.legistar.com/View.ashx?M=A&ID=606592&GUID=23B152AC-6AEC-4C29-815A-B0FB551B709B", "https://oakland.legistar.com/View.ashx?M=M&ID=606592&GUID=23B152AC-6AEC-4C29-815A-B0FB551B709B", "https://oakland.legistar.com/Video.aspx?Mode=Granicus&ID1=2746&Mode2=Video", "None"
"Rules & Legislation Committee", "5/17/2018", "https://oakland.legistar.com/View.ashx?M=IC&ID=605740&GUID=0C577D3A-5C8E-4F88-892D-3AF8C936698F", "10:45 AM", "City Council Chamber, 3rd Floor", "https://oakland.legistar.com/MeetingDetail.aspx?ID=605740&GUID=0C577D3A-5C8E-4F88-892D-3AF8C936698F&Options=info&Search=", "https://oakland.legistar.com/View.ashx?M=A&ID=605740&GUID=0C577D3A-5C8E-4F88-892D-3AF8C936698F", "https://oakland.legistar.com/View.ashx?M=M&ID=605740&GUID=0C577D3A-5C8E-4F88-892D-3AF8C936698F", "https://oakland.legistar.com/Video.aspx?Mode=Granicus&ID1=2741&Mode2=Video", "None"
" Concurrent Meeting of the Oakland Redevelopment Successor Agency and the City Council", "5/15/2018", "https://oakland.legistar.com/View.ashx?M=IC&ID=605708&GUID=37924418-459C-42EF-8A86-7950D0B91ACC", "5:30 PM", "City Council Chamber, 3rd Floor", "https://oakland.legistar.com/MeetingDetail.aspx?ID=605708&GUID=37924418-459C-42EF-8A86-7950D0B91ACC&Options=info&Search=", "https://oakland.legistar.com/View.ashx?M=A&ID=605708&GUID=37924418-459C-42EF-8A86-7950D0B91ACC", "https://oakland.legistar.com/View.ashx?M=M&ID=605708&GUID=37924418-459C-42EF-8A86-7950D0B91ACC", "https://oakland.legistar.com/Video.aspx?Mode=Granicus&ID1=2739&Mode2=Video", "None"
"Rules & Legislation Committee", "5/10/2018", "https://oakland.legistar.com/View.ashx?M=IC&ID=604550&GUID=6EF163B4-57C9-4290-B66F-F8A467BCF512", "10:45 AM", "City Council Chamber, 3rd Floor", "https://oakland.legistar.com/MeetingDetail.aspx?ID=604550&GUID=6EF163B4-57C9-4290-B66F-F8A467BCF512&Options=info&Search=", "https://oakland.legistar.com/View.ashx?M=A&ID=604550&GUID=6EF163B4-57C9-4290-B66F-F8A467BCF512", "https://oakland.legistar.com/View.ashx?M=M&ID=604550&GUID=6EF163B4-57C9-4290-B66F-F8A467BCF512", "https://oakland.legistar.com/Video.aspx?Mode=Granicus&ID1=2733&Mode2=Video", "None"
"Public Safety Committee", "5/8/2018", "https://oakland.legistar.com/View.ashx?M=IC&ID=604551&GUID=6FCA97F5-D949-4531-AF9C-850DD52ED461", "6:00 PM", "Sgt. Mark Dunakin Room - 1st Floor", "https://oakland.legistar.com/MeetingDetail.aspx?ID=604551&GUID=6FCA97F5-D949-4531-AF9C-850DD52ED461&Options=info&Search=", "https://oakland.legistar.com/View.ashx?M=A&ID=604551&GUID=6FCA97F5-D949-4531-AF9C-850DD52ED461", "https://oakland.legistar.com/View.ashx?M=M&ID=604551&GUID=6FCA97F5-D949-4531-AF9C-850DD52ED461", "https://oakland.legistar.com/Video.aspx?Mode=Granicus&ID1=2732&Mode2=Video", "None"
"Life Enrichment Committee", "5/8/2018", "https://oakland.legistar.com/View.ashx?M=IC&ID=604042&GUID=3AA2592E-4C47-412D-9F78-1C26E12A00C8", "4:00 PM", "Sgt. Mark Dunakin Room - 1st Floor", "https://oakland.legistar.com/MeetingDetail.aspx?ID=604042&GUID=3AA2592E-4C47-412D-9F78-1C26E12A00C8&Options=info&Search=", "https://oakland.legistar.com/View.ashx?M=A&ID=604042&GUID=3AA2592E-4C47-412D-9F78-1C26E12A00C8", "https://oakland.legistar.com/View.ashx?M=M&ID=604042&GUID=3AA2592E-4C47-412D-9F78-1C26E12A00C8", "https://oakland.legistar.com/Video.aspx?Mode=Granicus&ID1=2731&Mode2=Video", "None"
"Concurrent Meeting of the Oakland Redevelopment Successor Agency and the Community and Economic Development Committee", "5/8/2018", "https://oakland.legistar.com/View.ashx?M=IC&ID=604549&GUID=E668EB53-B778-44CF-8676-30C55105F4B7", "1:30 PM", "Sgt. Mark Dunakin Room - Hearing Room 1", "https://oakland.legistar.com/MeetingDetail.aspx?ID=604549&GUID=E668EB53-B778-44CF-8676-30C55105F4B7&Options=info&Search=", "https://oakland.legistar.com/View.ashx?M=A&ID=604549&GUID=E668EB53-B778-44CF-8676-30C55105F4B7", "https://oakland.legistar.com/View.ashx?M=M&ID=604549&GUID=E668EB53-B778-44CF-8676-30C55105F4B7", "https://oakland.legistar.com/Video.aspx?Mode=Granicus&ID1=2730&Mode2=Video", "None"
"Special Public Works Committee", "5/8/2018", "https://oakland.legistar.com/View.ashx?M=IC&ID=604041&GUID=001AFB63-BD4D-4C4D-BCF6-95B57D9272CC", "11:00 AM", "Sgt. Mark Dunakin Room - 1st Floor", "https://oakland.legistar.com/MeetingDetail.aspx?ID=604041&GUID=001AFB63-BD4D-4C4D-BCF6-95B57D9272CC&Options=info&Search=", "https://oakland.legistar.com/View.ashx?M=A&ID=604041&GUID=001AFB63-BD4D-4C4D-BCF6-95B57D9272CC", "https://oakland.legistar.com/View.ashx?M=M&ID=604041&GUID=001AFB63-BD4D-4C4D-BCF6-95B57D9272CC", "https://oakland.legistar.com/Video.aspx?Mode=Granicus&ID1=2729&Mode2=Video", "None"
"Special Finance & Management Committee", "5/8/2018", "https://oakland.legistar.com/View.ashx?M=IC&ID=604548&GUID=8698B36C-8C5B-4B71-8F01-A1A15E72D68D", "9:00 AM", "Sgt. Mark Dunakin Room - 1st Floor", "https://oakland.legistar.com/MeetingDetail.aspx?ID=604548&GUID=8698B36C-8C5B-4B71-8F01-A1A15E72D68D&Options=info&Search=", "https://oakland.legistar.com/View.ashx?M=A&ID=604548&GUID=8698B36C-8C5B-4B71-8F01-A1A15E72D68D", "https://oakland.legistar.com/View.ashx?M=M&ID=604548&GUID=8698B36C-8C5B-4B71-8F01-A1A15E72D68D", "https://oakland.legistar.com/Video.aspx?Mode=Granicus&ID1=2728&Mode2=Video", "None"
"Rules and Legislation Committee - CANCELLED", "5/3/2018", "https://oakland.legistar.com/View.ashx?M=IC&ID=602748&GUID=EAF94875-111A-4EC1-AD53-F9F39B5610DD", "10:45 AM", "City Council Chamber, 3rd Floor CANCELATION NOTICE *** THIS RULES AND LEGISLATION MEETING HAS BEEN CANCELLED. THE NEXT REGULARLY SCHEDULED MEETING OF THE RULES AND LEGISLATION COMMITTEE IS MAY 10, 2018.***", "https://oakland.legistar.com/MeetingDetail.aspx?ID=602748&GUID=EAF94875-111A-4EC1-AD53-F9F39B5610DD&Options=info&Search=", "https://oakland.legistar.com/View.ashx?M=A&ID=602748&GUID=EAF94875-111A-4EC1-AD53-F9F39B5610DD", "None", "None", "None"
" Concurrent Meeting of the Oakland Redevelopment Successor Agency and the City Council", "5/1/2018", "https://oakland.legistar.com/View.ashx?M=IC&ID=602747&GUID=968FA6D4-E81D-44DE-87DF-9EF5F184ACDD", "5:30 PM", "City Council Chamber, 3rd Floor", "https://oakland.legistar.com/MeetingDetail.aspx?ID=602747&GUID=968FA6D4-E81D-44DE-87DF-9EF5F184ACDD&Options=info&Search=", "https://oakland.legistar.com/View.ashx?M=A&ID=602747&GUID=968FA6D4-E81D-44DE-87DF-9EF5F184ACDD", "https://oakland.legistar.com/View.ashx?M=M&ID=602747&GUID=968FA6D4-E81D-44DE-87DF-9EF5F184ACDD", "https://oakland.legistar.com/Video.aspx?Mode=Granicus&ID1=2714&Mode2=Video", "None"
"Rules & Legislation Committee", "4/26/2018", "https://oakland.legistar.com/View.ashx?M=IC&ID=601913&GUID=90D6EAB5-B221-45A4-90A3-0378FF77B8DC", "10:45 AM", "City Council Chamber, 3rd Floor", "https://oakland.legistar.com/MeetingDetail.aspx?ID=601913&GUID=90D6EAB5-B221-45A4-90A3-0378FF77B8DC&Options=info&Search=", "https://oakland.legistar.com/View.ashx?M=A&ID=601913&GUID=90D6EAB5-B221-45A4-90A3-0378FF77B8DC", "https://oakland.legistar.com/View.ashx?M=M&ID=601913&GUID=90D6EAB5-B221-45A4-90A3-0378FF77B8DC", "https://oakland.legistar.com/Video.aspx?Mode=Granicus&ID1=2709&Mode2=Video", "None"
"Public Safety Committee", "4/24/2018", "https://oakland.legistar.com/View.ashx?M=IC&ID=601886&GUID=E7D95FBB-29D9-48C4-A996-A5581C273187", "6:00 PM", "Sgt. Mark Dunakin Room - 1st Floor", "https://oakland.legistar.com/MeetingDetail.aspx?ID=601886&GUID=E7D95FBB-29D9-48C4-A996-A5581C273187&Options=info&Search=", "https://oakland.legistar.com/View.ashx?M=A&ID=601886&GUID=E7D95FBB-29D9-48C4-A996-A5581C273187", "https://oakland.legistar.com/View.ashx?M=M&ID=601886&GUID=E7D95FBB-29D9-48C4-A996-A5581C273187", "https://oakland.legistar.com/Video.aspx?Mode=Granicus&ID1=2708&Mode2=Video", "None"
"Life Enrichment Committee", "4/24/2018", "https://oakland.legistar.com/View.ashx?M=IC&ID=601912&GUID=D0C74292-7A67-48EF-A9FF-DBA09B0EF373", "4:00 PM", "Sgt. Mark Dunakin Room - 1st Floor", "https://oakland.legistar.com/MeetingDetail.aspx?ID=601912&GUID=D0C74292-7A67-48EF-A9FF-DBA09B0EF373&Options=info&Search=", "https://oakland.legistar.com/View.ashx?M=A&ID=601912&GUID=D0C74292-7A67-48EF-A9FF-DBA09B0EF373", "https://oakland.legistar.com/View.ashx?M=M&ID=601912&GUID=D0C74292-7A67-48EF-A9FF-DBA09B0EF373", "https://oakland.legistar.com/Video.aspx?Mode=Granicus&ID1=2707&Mode2=Video", "None"
"Community & Economic Development Committee", "4/24/2018", "https://oakland.legistar.com/View.ashx?M=IC&ID=601885&GUID=FA414755-8596-452B-97DF-EA8658F13A70", "1:30 PM", "Sgt. Mark Dunakin Room - 1st Floor", "https://oakland.legistar.com/MeetingDetail.aspx?ID=601885&GUID=FA414755-8596-452B-97DF-EA8658F13A70&Options=info&Search=", "https://oakland.legistar.com/View.ashx?M=A&ID=601885&GUID=FA414755-8596-452B-97DF-EA8658F13A70", "https://oakland.legistar.com/View.ashx?M=M&ID=601885&GUID=FA414755-8596-452B-97DF-EA8658F13A70", "https://oakland.legistar.com/Video.aspx?Mode=Granicus&ID1=2706&Mode2=Video", "None"
"Public Works Committee", "4/24/2018", "https://oakland.legistar.com/View.ashx?M=IC&ID=601911&GUID=1839A69E-DECB-4A2A-944A-A3F018AA742B", "11:30 AM", "Sgt. Mark Dunakin Room - 1st Floor", "https://oakland.legistar.com/MeetingDetail.aspx?ID=601911&GUID=1839A69E-DECB-4A2A-944A-A3F018AA742B&Options=info&Search=", "https://oakland.legistar.com/View.ashx?M=A&ID=601911&GUID=1839A69E-DECB-4A2A-944A-A3F018AA742B", "https://oakland.legistar.com/View.ashx?M=M&ID=601911&GUID=1839A69E-DECB-4A2A-944A-A3F018AA742B", "https://oakland.legistar.com/Video.aspx?Mode=Granicus&ID1=2705&Mode2=Video", "None"
" Special Concurrent Meeting of the Oakland Redevelopment Successor Agency and Finance and Management Committee", "4/24/2018", "https://oakland.legistar.com/View.ashx?M=IC&ID=601884&GUID=0CEF0C63-14B5-4E37-9FB8-DB72B900012E", "9:00 AM", "Sgt. Mark Dunakin Room - Hearing Room 1", "https://oakland.legistar.com/MeetingDetail.aspx?ID=601884&GUID=0CEF0C63-14B5-4E37-9FB8-DB72B900012E&Options=info&Search=", "https://oakland.legistar.com/View.ashx?M=A&ID=601884&GUID=0CEF0C63-14B5-4E37-9FB8-DB72B900012E", "https://oakland.legistar.com/View.ashx?M=M&ID=601884&GUID=0CEF0C63-14B5-4E37-9FB8-DB72B900012E", "https://oakland.legistar.com/Video.aspx?Mode=Granicus&ID1=2704&Mode2=Video", "None"
"Rules & Legislation Committee", "4/19/2018", "https://oakland.legistar.com/View.ashx?M=IC&ID=600965&GUID=6855D8EA-95B7-4E85-A1C9-70B3FAF7F3D4", "10:45 AM", "City Council Chamber, 3rd Floor", "https://oakland.legistar.com/MeetingDetail.aspx?ID=600965&GUID=6855D8EA-95B7-4E85-A1C9-70B3FAF7F3D4&Options=info&Search=", "https://oakland.legistar.com/View.ashx?M=A&ID=600965&GUID=6855D8EA-95B7-4E85-A1C9-70B3FAF7F3D4", "https://oakland.legistar.com/View.ashx?M=M&ID=600965&GUID=6855D8EA-95B7-4E85-A1C9-70B3FAF7F3D4", "https://oakland.legistar.com/Video.aspx?Mode=Granicus&ID1=2699&Mode2=Video", "None"
"Concurrent Meeting of the Oakland Redevelopment Successor Agency/City Council/Joint Powers Financing Authority", "4/17/2018", "https://oakland.legistar.com/View.ashx?M=IC&ID=600964&GUID=A7F4DF3D-BECC-4946-831B-183E1CC08498", "5:30 PM", "City Hall, 1 Frank H. Ogawa Plaza, Oakland, California 94612", "https://oakland.legistar.com/MeetingDetail.aspx?ID=600964&GUID=A7F4DF3D-BECC-4946-831B-183E1CC08498&Options=info&Search=", "https://oakland.legistar.com/View.ashx?M=A&ID=600964&GUID=A7F4DF3D-BECC-4946-831B-183E1CC08498", "https://oakland.legistar.com/View.ashx?M=M&ID=600964&GUID=A7F4DF3D-BECC-4946-831B-183E1CC08498", "https://oakland.legistar.com/Video.aspx?Mode=Granicus&ID1=2697&Mode2=Video", "None"
"Rules & Legislation Committee", "4/12/2018", "https://oakland.legistar.com/View.ashx?M=IC&ID=600027&GUID=C4CE28EE-82EF-4964-A8E9-5869AA47C121", "10:45 AM", "City Council Chamber, 3rd Floor", "https://oakland.legistar.com/MeetingDetail.aspx?ID=600027&GUID=C4CE28EE-82EF-4964-A8E9-5869AA47C121&Options=info&Search=", "https://oakland.legistar.com/View.ashx?M=A&ID=600027&GUID=C4CE28EE-82EF-4964-A8E9-5869AA47C121", "https://oakland.legistar.com/View.ashx?M=M&ID=600027&GUID=C4CE28EE-82EF-4964-A8E9-5869AA47C121", "https://oakland.legistar.com/Video.aspx?Mode=Granicus&ID1=2687&Mode2=Video", "None"
"Public Safety Committee", "4/10/2018", "https://oakland.legistar.com/View.ashx?M=IC&ID=599929&GUID=DB8183F3-C931-4A40-BA1E-912E367AA3C4", "6:00 PM", "Sgt. Mark Dunakin Room - 1st Floor DUE TO A LACK OF QUORUM THE PUBLIC SAFETY COMMITTEE HAS BEEN CANCELLED. THE NEXT REGULARLY SCHEDULED PUBLIC SAFETY COMMITTEE MEETING WILL BE HELD ON APRIL 24, 2018.", "https://oakland.legistar.com/MeetingDetail.aspx?ID=599929&GUID=DB8183F3-C931-4A40-BA1E-912E367AA3C4&Options=info&Search=", "https://oakland.legistar.com/View.ashx?M=A&ID=599929&GUID=DB8183F3-C931-4A40-BA1E-912E367AA3C4", "None", "None", "None"
"Life Enrichment Committee", "4/10/2018", "https://oakland.legistar.com/View.ashx?M=IC&ID=600026&GUID=19744E3B-FF7E-4639-AE01-94C92D3B0707", "4:00 PM", "Sgt. Mark Dunakin Room - 1st Floor", "https://oakland.legistar.com/MeetingDetail.aspx?ID=600026&GUID=19744E3B-FF7E-4639-AE01-94C92D3B0707&Options=info&Search=", "https://oakland.legistar.com/View.ashx?M=A&ID=600026&GUID=19744E3B-FF7E-4639-AE01-94C92D3B0707", "https://oakland.legistar.com/View.ashx?M=M&ID=600026&GUID=19744E3B-FF7E-4639-AE01-94C92D3B0707", "https://oakland.legistar.com/Video.aspx?Mode=Granicus&ID1=2685&Mode2=Video", "None"
"Community & Economic Development Committee", "4/10/2018", "https://oakland.legistar.com/View.ashx?M=IC&ID=599928&GUID=EC13E8BB-7EC5-4652-AE07-EA78CFCC2EEF", "1:30 PM", "Sgt. Mark Dunakin Room - 1st Floor", "https://oakland.legistar.com/MeetingDetail.aspx?ID=599928&GUID=EC13E8BB-7EC5-4652-AE07-EA78CFCC2EEF&Options=info&Search=", "https://oakland.legistar.com/View.ashx?M=A&ID=599928&GUID=EC13E8BB-7EC5-4652-AE07-EA78CFCC2EEF", "https://oakland.legistar.com/View.ashx?M=M&ID=599928&GUID=EC13E8BB-7EC5-4652-AE07-EA78CFCC2EEF", "https://oakland.legistar.com/Video.aspx?Mode=Granicus&ID1=2684&Mode2=Video", "None"
"Public Works Committee", "4/10/2018", "https://oakland.legistar.com/View.ashx?M=IC&ID=600025&GUID=54DDC7B5-A8CA-468C-8C9D-B8672144CED6", "11:30 AM", "Sgt. Mark Dunakin Room - 1st Floor", "https://oakland.legistar.com/MeetingDetail.aspx?ID=600025&GUID=54DDC7B5-A8CA-468C-8C9D-B8672144CED6&Options=info&Search=", "https://oakland.legistar.com/View.ashx?M=A&ID=600025&GUID=54DDC7B5-A8CA-468C-8C9D-B8672144CED6", "https://oakland.legistar.com/View.ashx?M=M&ID=600025&GUID=54DDC7B5-A8CA-468C-8C9D-B8672144CED6", "https://oakland.legistar.com/Video.aspx?Mode=Granicus&ID1=2683&Mode2=Video", "None"
"Concurrent Meeting of the Oakland Redevelopment Successor Agency and Finance and Management Committee", "4/10/2018", "https://oakland.legistar.com/View.ashx?M=IC&ID=599930&GUID=742A3D46-7CA1-4F11-8973-DE88D182F630", "9:30 AM", "Sgt. Mark Dunakin Room - Hearing Room 1 PLEASE NOTE THAT THE JOINT POWERS FINANCING AUTHORITY WILL CONCURRENTLY MEET WITH THE FINANCE AND MANAGEMENT COMMITTEE", "https://oakland.legistar.com/MeetingDetail.aspx?ID=599930&GUID=742A3D46-7CA1-4F11-8973-DE88D182F630&Options=info&Search=", "https://oakland.legistar.com/View.ashx?M=A&ID=599930&GUID=742A3D46-7CA1-4F11-8973-DE88D182F630", "https://oakland.legistar.com/View.ashx?M=M&ID=599930&GUID=742A3D46-7CA1-4F11-8973-DE88D182F630", "https://oakland.legistar.com/Video.aspx?Mode=Granicus&ID1=2681&Mode2=Video", "None"
"Rules and Legislation Committee - CANCELLED", "4/5/2018", "https://oakland.legistar.com/View.ashx?M=IC&ID=600393&GUID=FCC7BF38-DE9E-476E-AA75-A27164F4ACC9", "10:45 AM", "City Council Chamber, 3rd Floor CANCELLATION NOTICE The regularly scheduled meeting of the Rules And Legislation Committee has been cancelled Due to Council Spring Recess. The next regularly scheduled meeting will be held on Thursday April 19, 2018 at 10:45 A.M.", "https://oakland.legistar.com/MeetingDetail.aspx?ID=600393&GUID=FCC7BF38-DE9E-476E-AA75-A27164F4ACC9&Options=info&Search=", "https://oakland.legistar.com/View.ashx?M=A&ID=600393&GUID=FCC7BF38-DE9E-476E-AA75-A27164F4ACC9", "None", "None", "None"
"Meeting of the Oakland City Council - CANCELLATION", "4/3/2018", "https://oakland.legistar.com/View.ashx?M=IC&ID=599657&GUID=5B6F6F12-4952-4E14-9103-74749CA16734", "5:30 PM", "City Council Chamber, 3rd Floor CANCELLATION NOTICE The regularly scheduled meeting of the City Council has been cancelled Due to Council Spring Recess. The next regularly scheduled meeting of the City Council will be held on Tuesday, April 17, 2018 at 5:30 p.m.", "https://oakland.legistar.com/MeetingDetail.aspx?ID=599657&GUID=5B6F6F12-4952-4E14-9103-74749CA16734&Options=info&Search=", "https://oakland.legistar.com/View.ashx?M=A&ID=599657&GUID=5B6F6F12-4952-4E14-9103-74749CA16734", "None", "None", "None"
" Special Meeting of the Oakland City Council", "3/29/2018", "https://oakland.legistar.com/View.ashx?M=IC&ID=600000&GUID=B1FCC3F6-300D-4ACD-949A-39776A769AD2", "12:00 PM", "City Council Chamber, 3rd Floor", "https://oakland.legistar.com/MeetingDetail.aspx?ID=600000&GUID=B1FCC3F6-300D-4ACD-949A-39776A769AD2&Options=info&Search=", "https://oakland.legistar.com/View.ashx?M=A&ID=600000&GUID=B1FCC3F6-300D-4ACD-949A-39776A769AD2", "https://oakland.legistar.com/View.ashx?M=M&ID=600000&GUID=B1FCC3F6-300D-4ACD-949A-39776A769AD2", "https://oakland.legistar.com/Video.aspx?Mode=Granicus&ID1=2668&Mode2=Video", "None"
"Rules & Legislation Committee", "3/29/2018", "https://oakland.legistar.com/View.ashx?M=IC&ID=598866&GUID=BF1D467B-C4C9-46A0-8538-C6AA6D2B0533", "10:45 AM", "City Council Chamber, 3rd Floor", "https://oakland.legistar.com/MeetingDetail.aspx?ID=598866&GUID=BF1D467B-C4C9-46A0-8538-C6AA6D2B0533&Options=info&Search=", "https://oakland.legistar.com/View.ashx?M=A&ID=598866&GUID=BF1D467B-C4C9-46A0-8538-C6AA6D2B0533", "https://oakland.legistar.com/View.ashx?M=M&ID=598866&GUID=BF1D467B-C4C9-46A0-8538-C6AA6D2B0533", "https://oakland.legistar.com/Video.aspx?Mode=Granicus&ID1=2667&Mode2=Video", "None"
"Public Safety Committee - CANCELLED", "3/27/2018", "https://oakland.legistar.com/View.ashx?M=IC&ID=598865&GUID=B3575BDC-8784-4BD0-B0DF-A0B953051BFD", "6:00 PM", "Sgt. Mark Dunakin Room - 1st Floor", "https://oakland.legistar.com/MeetingDetail.aspx?ID=598865&GUID=B3575BDC-8784-4BD0-B0DF-A0B953051BFD&Options=info&Search=", "https://oakland.legistar.com/View.ashx?M=A&ID=598865&GUID=B3575BDC-8784-4BD0-B0DF-A0B953051BFD", "None", "None", "None"
"Life Enrichment Committee - CANCELLED", "3/27/2018", "https://oakland.legistar.com/View.ashx?M=IC&ID=598864&GUID=9254AA90-B2B7-46D4-9B09-D35919D1DE90", "4:00 PM", "Sgt. Mark Dunakin Room - 1st Floor", "https://oakland.legistar.com/MeetingDetail.aspx?ID=598864&GUID=9254AA90-B2B7-46D4-9B09-D35919D1DE90&Options=info&Search=", "https://oakland.legistar.com/View.ashx?M=A&ID=598864&GUID=9254AA90-B2B7-46D4-9B09-D35919D1DE90", "None", "None", "None"
"Community and Economic Development Committee - CANCELLED", "3/27/2018", "https://oakland.legistar.com/View.ashx?M=IC&ID=598863&GUID=81C2D545-A179-4FDA-BB72-AB3AC1E2977D", "1:30 PM", "Sgt. Mark Dunakin Room - 1st Floor", "https://oakland.legistar.com/MeetingDetail.aspx?ID=598863&GUID=81C2D545-A179-4FDA-BB72-AB3AC1E2977D&Options=info&Search=", "https://oakland.legistar.com/View.ashx?M=A&ID=598863&GUID=81C2D545-A179-4FDA-BB72-AB3AC1E2977D", "None", "None", "None"
"Public Works Committee - CANCELLED", "3/27/2018", "https://oakland.legistar.com/View.ashx?M=IC&ID=598862&GUID=84E7387F-30C5-424E-B6B9-4405960E946D", "11:30 AM", "Sgt. Mark Dunakin Room - 1st Floor", "https://oakland.legistar.com/MeetingDetail.aspx?ID=598862&GUID=84E7387F-30C5-424E-B6B9-4405960E946D&Options=info&Search=", "https://oakland.legistar.com/View.ashx?M=A&ID=598862&GUID=84E7387F-30C5-424E-B6B9-4405960E946D", "None", "None", "None"
"Finance and Management Committee - CANCELLED", "3/27/2018", "https://oakland.legistar.com/View.ashx?M=IC&ID=598861&GUID=9C047FB6-C5EC-4E73-9CE4-BE3722276301", "9:30 AM", "Sgt. Mark Dunakin Room - 1st Floor", "https://oakland.legistar.com/MeetingDetail.aspx?ID=598861&GUID=9C047FB6-C5EC-4E73-9CE4-BE3722276301&Options=info&Search=", "https://oakland.legistar.com/View.ashx?M=A&ID=598861&GUID=9C047FB6-C5EC-4E73-9CE4-BE3722276301", "None", "None", "None"
" Special Meeting of the Oakland City Council", "3/22/2018", "https://oakland.legistar.com/View.ashx?M=IC&ID=599448&GUID=6A8B8C70-C6E6-4BD6-95C8-4AB01A790810", "12:00 PM", "City Council Chamber, 3rd Floor THIS MEETING WAS NOTICED IN ACCORDANCE WITH CHARTER SECTION 208. PURSUANT TO CHARTER SECTION 208, A WRITTEN REQUEST TO CALL A SPECIAL MEETING FOR THE CONSIDERATION OF AN AGENDA ITEM WAS SERVED UPON THE CITY CLERK MARCH 19, 2018 BY THREE COUNCIL MEMBERS", "https://oakland.legistar.com/MeetingDetail.aspx?ID=599448&GUID=6A8B8C70-C6E6-4BD6-95C8-4AB01A790810&Options=info&Search=", "https://oakland.legistar.com/View.ashx?M=A&ID=599448&GUID=6A8B8C70-C6E6-4BD6-95C8-4AB01A790810", "https://oakland.legistar.com/View.ashx?M=M&ID=599448&GUID=6A8B8C70-C6E6-4BD6-95C8-4AB01A790810", "https://oakland.legistar.com/Video.aspx?Mode=Granicus&ID1=2662&Mode2=Video", "None"
"Rules & Legislation Committee", "3/22/2018", "https://oakland.legistar.com/View.ashx?M=IC&ID=597514&GUID=35B9A454-46A2-4D0E-B2DB-017080B5D5CB", "10:45 AM", "City Council Chamber, 3rd Floor", "https://oakland.legistar.com/MeetingDetail.aspx?ID=597514&GUID=35B9A454-46A2-4D0E-B2DB-017080B5D5CB&Options=info&Search=", "https://oakland.legistar.com/View.ashx?M=A&ID=597514&GUID=35B9A454-46A2-4D0E-B2DB-017080B5D5CB", "https://oakland.legistar.com/View.ashx?M=M&ID=597514&GUID=35B9A454-46A2-4D0E-B2DB-017080B5D5CB", "https://oakland.legistar.com/Video.aspx?Mode=Granicus&ID1=2661&Mode2=Video", "None"
" Concurrent Meeting of the Oakland Redevelopment Successor Agency and the City Council", "3/20/2018", "https://oakland.legistar.com/View.ashx?M=IC&ID=597513&GUID=3DAED88B-7146-4556-9BC6-121F6858E8FC", "5:30 PM", "City Council Chamber, 3rd Floor", "https://oakland.legistar.com/MeetingDetail.aspx?ID=597513&GUID=3DAED88B-7146-4556-9BC6-121F6858E8FC&Options=info&Search=", "https://oakland.legistar.com/View.ashx?M=A&ID=597513&GUID=3DAED88B-7146-4556-9BC6-121F6858E8FC", "https://oakland.legistar.com/View.ashx?M=M&ID=597513&GUID=3DAED88B-7146-4556-9BC6-121F6858E8FC", "https://oakland.legistar.com/Video.aspx?Mode=Granicus&ID1=2658&Mode2=Video", "None"
"Rules & Legislation Committee", "3/15/2018", "https://oakland.legistar.com/View.ashx?M=IC&ID=596496&GUID=D2A4B335-B487-483D-874F-24B2E65908CB", "10:45 AM", "City Council Chamber, 3rd Floor", "https://oakland.legistar.com/MeetingDetail.aspx?ID=596496&GUID=D2A4B335-B487-483D-874F-24B2E65908CB&Options=info&Search=", "https://oakland.legistar.com/View.ashx?M=A&ID=596496&GUID=D2A4B335-B487-483D-874F-24B2E65908CB", "https://oakland.legistar.com/View.ashx?M=M&ID=596496&GUID=D2A4B335-B487-483D-874F-24B2E65908CB", "https://oakland.legistar.com/Video.aspx?Mode=Granicus&ID1=2653&Mode2=Video", "None"
"Public Safety Committee", "3/13/2018", "https://oakland.legistar.com/View.ashx?M=IC&ID=596432&GUID=4208FDAD-2A7B-473B-B700-E53F71CF154E", "6:00 PM", "Sgt. Mark Dunakin Room - 1st Floor", "https://oakland.legistar.com/MeetingDetail.aspx?ID=596432&GUID=4208FDAD-2A7B-473B-B700-E53F71CF154E&Options=info&Search=", "https://oakland.legistar.com/View.ashx?M=A&ID=596432&GUID=4208FDAD-2A7B-473B-B700-E53F71CF154E", "https://oakland.legistar.com/View.ashx?M=M&ID=596432&GUID=4208FDAD-2A7B-473B-B700-E53F71CF154E", "https://oakland.legistar.com/Video.aspx?Mode=Granicus&ID1=2651&Mode2=Video", "None"
"Life Enrichment Committee", "3/13/2018", "https://oakland.legistar.com/View.ashx?M=IC&ID=596495&GUID=C307936E-6521-4890-A86D-7109CD98537D", "4:00 PM", "Sgt. Mark Dunakin Room - 1st Floor", "https://oakland.legistar.com/MeetingDetail.aspx?ID=596495&GUID=C307936E-6521-4890-A86D-7109CD98537D&Options=info&Search=", "https://oakland.legistar.com/View.ashx?M=A&ID=596495&GUID=C307936E-6521-4890-A86D-7109CD98537D", "https://oakland.legistar.com/View.ashx?M=M&ID=596495&GUID=C307936E-6521-4890-A86D-7109CD98537D", "https://oakland.legistar.com/Video.aspx?Mode=Granicus&ID1=2650&Mode2=Video", "None"
"Concurrent Meeting of the Oakland Redevelopment Successor Agency and the Community and Economic Development Committee", "3/13/2018", "https://oakland.legistar.com/View.ashx?M=IC&ID=596431&GUID=6161EE8F-D8AF-45BB-9E8C-4A6A50A2FF73", "1:30 PM", "Sgt. Mark Dunakin Room - Hearing Room 1", "https://oakland.legistar.com/MeetingDetail.aspx?ID=596431&GUID=6161EE8F-D8AF-45BB-9E8C-4A6A50A2FF73&Options=info&Search=", "https://oakland.legistar.com/View.ashx?M=A&ID=596431&GUID=6161EE8F-D8AF-45BB-9E8C-4A6A50A2FF73", "https://oakland.legistar.com/View.ashx?M=M&ID=596431&GUID=6161EE8F-D8AF-45BB-9E8C-4A6A50A2FF73", "https://oakland.legistar.com/Video.aspx?Mode=Granicus&ID1=2649&Mode2=Video", "None"
"Public Works Committee", "3/13/2018", "https://oakland.legistar.com/View.ashx?M=IC&ID=596497&GUID=BD3C76C7-7290-43F2-B4E3-B3C885C10703", "11:30 AM", "Sgt. Mark Dunakin Room - 1st Floor", "https://oakland.legistar.com/MeetingDetail.aspx?ID=596497&GUID=BD3C76C7-7290-43F2-B4E3-B3C885C10703&Options=info&Search=", "https://oakland.legistar.com/View.ashx?M=A&ID=596497&GUID=BD3C76C7-7290-43F2-B4E3-B3C885C10703", "https://oakland.legistar.com/View.ashx?M=M&ID=596497&GUID=BD3C76C7-7290-43F2-B4E3-B3C885C10703", "https://oakland.legistar.com/Video.aspx?Mode=Granicus&ID1=2648&Mode2=Video", "None"
"Finance and Management Committee - CANCELLED", "3/13/2018", "https://oakland.legistar.com/View.ashx?M=IC&ID=596430&GUID=9ECC9A70-4144-401B-BB2F-A170A0EC6772", "9:30 AM", "Sgt. Mark Dunakin Room - 1st Floor DUE TO A LACK OF QUORUM THE FINANCE AND MANAGEMENT COMMITTEE HAS BEEN CANCELLED. THE NEXT REGULARLY SCHEDULED FINANCE AND MANAGEMENT MEETING WILL BE HELD ON APRIL 10, 2018.", "https://oakland.legistar.com/MeetingDetail.aspx?ID=596430&GUID=9ECC9A70-4144-401B-BB2F-A170A0EC6772&Options=info&Search=", "https://oakland.legistar.com/View.ashx?M=A&ID=596430&GUID=9ECC9A70-4144-401B-BB2F-A170A0EC6772", "None", "None", "None"
"Special Concurrent Meeting of the Oakland Redevelopment Successor Agency/City Council", "3/8/2018", "https://oakland.legistar.com/View.ashx?M=IC&ID=597787&GUID=AF0CC090-CE3E-4B30-B4A2-F7D09DA30968", "2:00 PM", "City Council Chamber, 3rd Floor", "https://oakland.legistar.com/MeetingDetail.aspx?ID=597787&GUID=AF0CC090-CE3E-4B30-B4A2-F7D09DA30968&Options=info&Search=", "https://oakland.legistar.com/View.ashx?M=A&ID=597787&GUID=AF0CC090-CE3E-4B30-B4A2-F7D09DA30968", "https://oakland.legistar.com/View.ashx?M=M&ID=597787&GUID=AF0CC090-CE3E-4B30-B4A2-F7D09DA30968", "https://oakland.legistar.com/Video.aspx?Mode=Granicus&ID1=2640&Mode2=Video", "None"
"Rules & Legislation Committee", "3/8/2018", "https://oakland.legistar.com/View.ashx?M=IC&ID=595718&GUID=8869A625-56B1-416A-BAD1-6C9EF3019C9C", "10:45 AM", "City Council Chamber, 3rd Floor", "https://oakland.legistar.com/MeetingDetail.aspx?ID=595718&GUID=8869A625-56B1-416A-BAD1-6C9EF3019C9C&Options=info&Search=", "https://oakland.legistar.com/View.ashx?M=A&ID=595718&GUID=8869A625-56B1-416A-BAD1-6C9EF3019C9C", "https://oakland.legistar.com/View.ashx?M=M&ID=595718&GUID=8869A625-56B1-416A-BAD1-6C9EF3019C9C", "https://oakland.legistar.com/Video.aspx?Mode=Granicus&ID1=2639&Mode2=Video", "None"
" Concurrent Meeting of the Oakland Redevelopment Successor Agency and the City Council", "3/6/2018", "https://oakland.legistar.com/View.ashx?M=IC&ID=595717&GUID=6E584E9C-DF6F-4362-B894-0A6863E9D10D", "5:30 PM", "City Council Chamber, 3rd Floor", "https://oakland.legistar.com/MeetingDetail.aspx?ID=595717&GUID=6E584E9C-DF6F-4362-B894-0A6863E9D10D&Options=info&Search=", "https://oakland.legistar.com/View.ashx?M=A&ID=595717&GUID=6E584E9C-DF6F-4362-B894-0A6863E9D10D", "https://oakland.legistar.com/View.ashx?M=M&ID=595717&GUID=6E584E9C-DF6F-4362-B894-0A6863E9D10D", "https://oakland.legistar.com/Video.aspx?Mode=Granicus&ID1=2636&Mode2=Video", "None"
"Rules & Legislation Committee", "3/1/2018", "https://oakland.legistar.com/View.ashx?M=IC&ID=594204&GUID=6CD4910A-B9EC-4DFD-8495-D256C578C4AD", "10:45 AM", "City Council Chamber, 3rd Floor *** THIS RULES AND LEGISLATION MEETING HAS BEEN CANCELLED. THE NEXT REGULARLY SCHEDULED MEETING OF THE RULES AND LEGISLATION COMMITTEE IS MARCH 8, 2018.***", "https://oakland.legistar.com/MeetingDetail.aspx?ID=594204&GUID=6CD4910A-B9EC-4DFD-8495-D256C578C4AD&Options=info&Search=", "https://oakland.legistar.com/View.ashx?M=A&ID=594204&GUID=6CD4910A-B9EC-4DFD-8495-D256C578C4AD", "None", "None", "None"
"Public Safety Committee", "2/27/2018", "https://oakland.legistar.com/View.ashx?M=IC&ID=594044&GUID=57BBE4AB-D76F-4878-BB31-732BEE73DE02", "6:00 PM", "Sgt. Mark Dunakin Room - 1st Floor", "https://oakland.legistar.com/MeetingDetail.aspx?ID=594044&GUID=57BBE4AB-D76F-4878-BB31-732BEE73DE02&Options=info&Search=", "https://oakland.legistar.com/View.ashx?M=A&ID=594044&GUID=57BBE4AB-D76F-4878-BB31-732BEE73DE02", "https://oakland.legistar.com/View.ashx?M=M&ID=594044&GUID=57BBE4AB-D76F-4878-BB31-732BEE73DE02", "https://oakland.legistar.com/Video.aspx?Mode=Granicus&ID1=2630&Mode2=Video", "None"
"Life Enrichment Committee - CANCELLED", "2/27/2018", "https://oakland.legistar.com/View.ashx?M=IC&ID=594203&GUID=A178E996-A112-4241-B671-474C58AB8225", "4:00 PM", "Sgt. Mark Dunakin Room - 1st Floor CANCELLATION NOTICE The regularly scheduled meeting of the Life Enrichment Committee has been cancelled. There is a *Special Life Enrichment Committee being held Tuesday February 27, 2018 at 2 p.m. See the \"Special Life Enrichment\" agenda below.", "https://oakland.legistar.com/MeetingDetail.aspx?ID=594203&GUID=A178E996-A112-4241-B671-474C58AB8225&Options=info&Search=", "https://oakland.legistar.com/View.ashx?M=A&ID=594203&GUID=A178E996-A112-4241-B671-474C58AB8225", "None", "None", "None"
"Special Life Enrichment Committee", "2/27/2018", "https://oakland.legistar.com/View.ashx?M=IC&ID=596182&GUID=1E461D3E-330E-4854-95E1-62D7CFD3A0BA", "2:00 PM", "Sgt. Mark Dunakin Room - 1st Floor", "https://oakland.legistar.com/MeetingDetail.aspx?ID=596182&GUID=1E461D3E-330E-4854-95E1-62D7CFD3A0BA&Options=info&Search=", "https://oakland.legistar.com/View.ashx?M=A&ID=596182&GUID=1E461D3E-330E-4854-95E1-62D7CFD3A0BA", "https://oakland.legistar.com/View.ashx?M=M&ID=596182&GUID=1E461D3E-330E-4854-95E1-62D7CFD3A0BA", "https://oakland.legistar.com/Video.aspx?Mode=Granicus&ID1=2629&Mode2=Video", "None"
"Community and Economic Development Committee - CANCELLED", "2/27/2018", "https://oakland.legistar.com/View.ashx?M=IC&ID=594053&GUID=4C035F7B-573E-4035-83D1-CA80921726FA", "1:30 PM", "Sgt. Mark Dunakin Room - 1st Floor CANCELLATION NOTICE The regularly scheduled meeting of the Community and Economic Development Committee has been cancelled. The next regularly scheduled meeting of the Community Economic Development Committee will be held on Tuesday, March 13, 2018 at", "https://oakland.legistar.com/MeetingDetail.aspx?ID=594053&GUID=4C035F7B-573E-4035-83D1-CA80921726FA&Options=info&Search=", "https://oakland.legistar.com/View.ashx?M=A&ID=594053&GUID=4C035F7B-573E-4035-83D1-CA80921726FA", "None", "None", "None"
"Special Public Works Committee", "2/27/2018", "https://oakland.legistar.com/View.ashx?M=IC&ID=594202&GUID=96D1AB06-11F3-4C88-99F4-F3377F9FDF8F", "12:00 PM", "Sgt. Mark Dunakin Room - 1st Floor", "https://oakland.legistar.com/MeetingDetail.aspx?ID=594202&GUID=96D1AB06-11F3-4C88-99F4-F3377F9FDF8F&Options=info&Search=", "https://oakland.legistar.com/View.ashx?M=A&ID=594202&GUID=96D1AB06-11F3-4C88-99F4-F3377F9FDF8F", "https://oakland.legistar.com/View.ashx?M=M&ID=594202&GUID=96D1AB06-11F3-4C88-99F4-F3377F9FDF8F", "https://oakland.legistar.com/Video.aspx?Mode=Granicus&ID1=2628&Mode2=Video", "None"
"Finance & Management Committee", "2/27/2018", "https://oakland.legistar.com/View.ashx?M=IC&ID=594043&GUID=EAD6F906-01C2-4D49-8AA6-DAC84960C59A", "9:30 AM", "Sgt. Mark Dunakin Room - 1st Floor", "https://oakland.legistar.com/MeetingDetail.aspx?ID=594043&GUID=EAD6F906-01C2-4D49-8AA6-DAC84960C59A&Options=info&Search=", "https://oakland.legistar.com/View.ashx?M=A&ID=594043&GUID=EAD6F906-01C2-4D49-8AA6-DAC84960C59A", "https://oakland.legistar.com/View.ashx?M=M&ID=594043&GUID=EAD6F906-01C2-4D49-8AA6-DAC84960C59A", "https://oakland.legistar.com/Video.aspx?Mode=Granicus&ID1=2627&Mode2=Video", "None"
"Rules and Legislation Committee - CANCELLED", "2/22/2018", "https://oakland.legistar.com/View.ashx?M=IC&ID=593361&GUID=6AF508FF-801B-4B4E-A53F-77CB5A6F0A36", "10:45 AM", "City Council Chamber, 3rd Floor *** THIS RULES AND LEGISLATION MEETING HAS BEEN CANCELLED. THE NEXT REGULARLY SCHEDULED MEETING OF THE RULES AND LEGISLATION COMMITTEE IS MARCH 1, 2018.***", "https://oakland.legistar.com/MeetingDetail.aspx?ID=593361&GUID=6AF508FF-801B-4B4E-A53F-77CB5A6F0A36&Options=info&Search=", "https://oakland.legistar.com/View.ashx?M=A&ID=593361&GUID=6AF508FF-801B-4B4E-A53F-77CB5A6F0A36", "None", "None", "None"
" Concurrent Meeting of the Oakland Redevelopment Successor Agency and the City Council", "2/20/2018", "https://oakland.legistar.com/View.ashx?M=IC&ID=593360&GUID=952374C2-3348-4835-BD2F-9D4879538E29", "5:30 PM", "City Council Chamber, 3rd Floor", "https://oakland.legistar.com/MeetingDetail.aspx?ID=593360&GUID=952374C2-3348-4835-BD2F-9D4879538E29&Options=info&Search=", "https://oakland.legistar.com/View.ashx?M=A&ID=593360&GUID=952374C2-3348-4835-BD2F-9D4879538E29", "https://oakland.legistar.com/View.ashx?M=M&ID=593360&GUID=952374C2-3348-4835-BD2F-9D4879538E29", "https://oakland.legistar.com/Video.aspx?Mode=Granicus&ID1=2623&Mode2=Video", "None"
"Rules & Legislation Committee", "2/15/2018", "https://oakland.legistar.com/View.ashx?M=IC&ID=591837&GUID=F9E78CFE-8C34-4464-973A-C540B3802E7E", "10:45 AM", "City Council Chamber, 3rd Floor", "https://oakland.legistar.com/MeetingDetail.aspx?ID=591837&GUID=F9E78CFE-8C34-4464-973A-C540B3802E7E&Options=info&Search=", "https://oakland.legistar.com/View.ashx?M=A&ID=591837&GUID=F9E78CFE-8C34-4464-973A-C540B3802E7E", "https://oakland.legistar.com/View.ashx?M=M&ID=591837&GUID=F9E78CFE-8C34-4464-973A-C540B3802E7E", "https://oakland.legistar.com/Video.aspx?Mode=Granicus&ID1=2618&Mode2=Video", "None"
"Public Safety Committee", "2/13/2018", "https://oakland.legistar.com/View.ashx?M=IC&ID=591835&GUID=5EC4DF49-62E7-4C50-B9CF-B8B75DE90DAE", "6:00 PM", "Sgt. Mark Dunakin Room - 1st Floor", "https://oakland.legistar.com/MeetingDetail.aspx?ID=591835&GUID=5EC4DF49-62E7-4C50-B9CF-B8B75DE90DAE&Options=info&Search=", "https://oakland.legistar.com/View.ashx?M=A&ID=591835&GUID=5EC4DF49-62E7-4C50-B9CF-B8B75DE90DAE", "https://oakland.legistar.com/View.ashx?M=M&ID=591835&GUID=5EC4DF49-62E7-4C50-B9CF-B8B75DE90DAE", "https://oakland.legistar.com/Video.aspx?Mode=Granicus&ID1=2617&Mode2=Video", "None"
"Life Enrichment Committee", "2/13/2018", "https://oakland.legistar.com/View.ashx?M=IC&ID=591836&GUID=EE4E8854-B318-43A8-975A-106211726236", "4:00 PM", "Sgt. Mark Dunakin Room - 1st Floor", "https://oakland.legistar.com/MeetingDetail.aspx?ID=591836&GUID=EE4E8854-B318-43A8-975A-106211726236&Options=info&Search=", "https://oakland.legistar.com/View.ashx?M=A&ID=591836&GUID=EE4E8854-B318-43A8-975A-106211726236", "https://oakland.legistar.com/View.ashx?M=M&ID=591836&GUID=EE4E8854-B318-43A8-975A-106211726236", "https://oakland.legistar.com/Video.aspx?Mode=Granicus&ID1=2616&Mode2=Video", "None"
"Community & Economic Development Committee", "2/13/2018", "https://oakland.legistar.com/View.ashx?M=IC&ID=591834&GUID=6C74A433-46C7-4D4B-85B4-0E1928A93431", "1:30 PM", "Sgt. Mark Dunakin Room - 1st Floor", "https://oakland.legistar.com/MeetingDetail.aspx?ID=591834&GUID=6C74A433-46C7-4D4B-85B4-0E1928A93431&Options=info&Search=", "https://oakland.legistar.com/View.ashx?M=A&ID=591834&GUID=6C74A433-46C7-4D4B-85B4-0E1928A93431", "https://oakland.legistar.com/View.ashx?M=M&ID=591834&GUID=6C74A433-46C7-4D4B-85B4-0E1928A93431", "https://oakland.legistar.com/Video.aspx?Mode=Granicus&ID1=2615&Mode2=Video", "None"
"Public Works Committee", "2/13/2018", "https://oakland.legistar.com/View.ashx?M=IC&ID=591833&GUID=8903BAE2-4F9F-4591-B865-95FBA8CDF50D", "11:30 AM", "Sgt. Mark Dunakin Room - 1st Floor", "https://oakland.legistar.com/MeetingDetail.aspx?ID=591833&GUID=8903BAE2-4F9F-4591-B865-95FBA8CDF50D&Options=info&Search=", "https://oakland.legistar.com/View.ashx?M=A&ID=591833&GUID=8903BAE2-4F9F-4591-B865-95FBA8CDF50D", "https://oakland.legistar.com/View.ashx?M=M&ID=591833&GUID=8903BAE2-4F9F-4591-B865-95FBA8CDF50D", "https://oakland.legistar.com/Video.aspx?Mode=Granicus&ID1=2614&Mode2=Video", "None"
"Finance & Management Committee", "2/13/2018", "https://oakland.legistar.com/View.ashx?M=IC&ID=591832&GUID=73FDA51C-7553-4782-8024-75951825FE6D", "9:30 AM", "Sgt. Mark Dunakin Room - 1st Floor", "https://oakland.legistar.com/MeetingDetail.aspx?ID=591832&GUID=73FDA51C-7553-4782-8024-75951825FE6D&Options=info&Search=", "https://oakland.legistar.com/View.ashx?M=A&ID=591832&GUID=73FDA51C-7553-4782-8024-75951825FE6D", "https://oakland.legistar.com/View.ashx?M=M&ID=591832&GUID=73FDA51C-7553-4782-8024-75951825FE6D", "https://oakland.legistar.com/Video.aspx?Mode=Granicus&ID1=2613&Mode2=Video", "None"
"Rules & Legislation Committee", "2/8/2018", "https://oakland.legistar.com/View.ashx?M=IC&ID=590946&GUID=5551C777-C7EB-4FDF-A94C-7A306B086230", "10:45 AM", "City Council Chamber, 3rd Floor", "https://oakland.legistar.com/MeetingDetail.aspx?ID=590946&GUID=5551C777-C7EB-4FDF-A94C-7A306B086230&Options=info&Search=", "https://oakland.legistar.com/View.ashx?M=A&ID=590946&GUID=5551C777-C7EB-4FDF-A94C-7A306B086230", "https://oakland.legistar.com/View.ashx?M=M&ID=590946&GUID=5551C777-C7EB-4FDF-A94C-7A306B086230", "https://oakland.legistar.com/Video.aspx?Mode=Granicus&ID1=2609&Mode2=Video", "None"
" Concurrent Meeting of the Oakland Redevelopment Successor Agency and the City Council", "2/6/2018", "https://oakland.legistar.com/View.ashx?M=IC&ID=590945&GUID=5A8CAD71-A08A-468A-AF08-DA37A820430D", "5:30 PM", "City Council Chamber, 3rd Floor", "https://oakland.legistar.com/MeetingDetail.aspx?ID=590945&GUID=5A8CAD71-A08A-468A-AF08-DA37A820430D&Options=info&Search=", "https://oakland.legistar.com/View.ashx?M=A&ID=590945&GUID=5A8CAD71-A08A-468A-AF08-DA37A820430D", "https://oakland.legistar.com/View.ashx?M=M&ID=590945&GUID=5A8CAD71-A08A-468A-AF08-DA37A820430D", "https://oakland.legistar.com/Video.aspx?Mode=Granicus&ID1=2606&Mode2=Video", "None"
"Rules & Legislation Committee", "2/1/2018", "https://oakland.legistar.com/View.ashx?M=IC&ID=588424&GUID=30CD1762-B241-4F9D-AFC2-7081852BF940", "10:45 AM", "City Council Chamber, 3rd Floor", "https://oakland.legistar.com/MeetingDetail.aspx?ID=588424&GUID=30CD1762-B241-4F9D-AFC2-7081852BF940&Options=info&Search=", "https://oakland.legistar.com/View.ashx?M=A&ID=588424&GUID=30CD1762-B241-4F9D-AFC2-7081852BF940", "https://oakland.legistar.com/View.ashx?M=M&ID=588424&GUID=30CD1762-B241-4F9D-AFC2-7081852BF940", "https://oakland.legistar.com/Video.aspx?Mode=Granicus&ID1=2598&Mode2=Video", "None"
"Rules & Legislation Committee", "1/25/2018", "https://oakland.legistar.com/View.ashx?M=IC&ID=587029&GUID=6FCAF016-A836-433E-850C-F6624C9EDFCA", "10:45 AM", "City Council Chamber, 3rd Floor", "https://oakland.legistar.com/MeetingDetail.aspx?ID=587029&GUID=6FCAF016-A836-433E-850C-F6624C9EDFCA&Options=info&Search=", "https://oakland.legistar.com/View.ashx?M=A&ID=587029&GUID=6FCAF016-A836-433E-850C-F6624C9EDFCA", "https://oakland.legistar.com/View.ashx?M=M&ID=587029&GUID=6FCAF016-A836-433E-850C-F6624C9EDFCA", "https://oakland.legistar.com/Video.aspx?Mode=Granicus&ID1=2593&Mode2=Video", "None"
"Public Safety Committee", "1/23/2018", "https://oakland.legistar.com/View.ashx?M=IC&ID=586998&GUID=6EC342CE-3B27-4587-BDD4-D0F1F13BEA25", "6:00 PM", "Sgt. Mark Dunakin Room - 1st Floor DUE TO A LACK OF QUORUM THE PUBLIC SAFETY COMMITTEE HAS BEEN CANCELLED. THE NEXT REGULARLY SCHEDULED PUBLIC SAFETY MEETING WILL BE HELD ON FEBRUARY 13, 2018.", "https://oakland.legistar.com/MeetingDetail.aspx?ID=586998&GUID=6EC342CE-3B27-4587-BDD4-D0F1F13BEA25&Options=info&Search=", "https://oakland.legistar.com/View.ashx?M=A&ID=586998&GUID=6EC342CE-3B27-4587-BDD4-D0F1F13BEA25", "None", "None", "None"
"Life Enrichment Committee", "1/23/2018", "https://oakland.legistar.com/View.ashx?M=IC&ID=587023&GUID=82292EF6-E334-45DE-98FB-D956BE6E6180", "4:00 PM", "Sgt. Mark Dunakin Room - 1st Floor", "https://oakland.legistar.com/MeetingDetail.aspx?ID=587023&GUID=82292EF6-E334-45DE-98FB-D956BE6E6180&Options=info&Search=", "https://oakland.legistar.com/View.ashx?M=A&ID=587023&GUID=82292EF6-E334-45DE-98FB-D956BE6E6180", "https://oakland.legistar.com/View.ashx?M=M&ID=587023&GUID=82292EF6-E334-45DE-98FB-D956BE6E6180", "https://oakland.legistar.com/Video.aspx?Mode=Granicus&ID1=2589&Mode2=Video", "None"
"Community & Economic Development Committee", "1/23/2018", "https://oakland.legistar.com/View.ashx?M=IC&ID=586997&GUID=FC814613-3FB0-4A56-8BD9-9CF69830FD92", "1:30 PM", "Sgt. Mark Dunakin Room - 1st Floor", "https://oakland.legistar.com/MeetingDetail.aspx?ID=586997&GUID=FC814613-3FB0-4A56-8BD9-9CF69830FD92&Options=info&Search=", "https://oakland.legistar.com/View.ashx?M=A&ID=586997&GUID=FC814613-3FB0-4A56-8BD9-9CF69830FD92", "https://oakland.legistar.com/View.ashx?M=M&ID=586997&GUID=FC814613-3FB0-4A56-8BD9-9CF69830FD92", "https://oakland.legistar.com/Video.aspx?Mode=Granicus&ID1=2587&Mode2=Video", "None"
"Public Works Committee - CANCELLED", "1/23/2018", "https://oakland.legistar.com/View.ashx?M=IC&ID=587022&GUID=BCBC62CB-8943-4AD7-97AE-20745E6DA1A7", "11:30 AM", "Sgt. Mark Dunakin Room - 1st Floor CANCELLATION NOTICE The regularly scheduled meeting of the Public Works Committee has been cancelled. The next regularly scheduled meeting of the Public Works Committee will be held on Tuesday, February 13, 2018 at 11:30 a.m.", "https://oakland.legistar.com/MeetingDetail.aspx?ID=587022&GUID=BCBC62CB-8943-4AD7-97AE-20745E6DA1A7&Options=info&Search=", "https://oakland.legistar.com/View.ashx?M=A&ID=587022&GUID=BCBC62CB-8943-4AD7-97AE-20745E6DA1A7", "None", "None", "None"
"Finance & Management Committee", "1/23/2018", "https://oakland.legistar.com/View.ashx?M=IC&ID=586996&GUID=6B7A53F7-978E-4066-A5FD-24C74E744192", "9:30 AM", "Sgt. Mark Dunakin Room - 1st Floor", "https://oakland.legistar.com/MeetingDetail.aspx?ID=586996&GUID=6B7A53F7-978E-4066-A5FD-24C74E744192&Options=info&Search=", "https://oakland.legistar.com/View.ashx?M=A&ID=586996&GUID=6B7A53F7-978E-4066-A5FD-24C74E744192", "https://oakland.legistar.com/View.ashx?M=M&ID=586996&GUID=6B7A53F7-978E-4066-A5FD-24C74E744192", "https://oakland.legistar.com/Video.aspx?Mode=Granicus&ID1=2586&Mode2=Video", "None"
"Rules & Legislation Committee", "1/18/2018", "https://oakland.legistar.com/View.ashx?M=IC&ID=585471&GUID=904C711D-9F8D-48C3-A016-07AA56F5479C", "10:45 AM", "City Council Chamber, 3rd Floor", "https://oakland.legistar.com/MeetingDetail.aspx?ID=585471&GUID=904C711D-9F8D-48C3-A016-07AA56F5479C&Options=info&Search=", "https://oakland.legistar.com/View.ashx?M=A&ID=585471&GUID=904C711D-9F8D-48C3-A016-07AA56F5479C", "https://oakland.legistar.com/View.ashx?M=M&ID=585471&GUID=904C711D-9F8D-48C3-A016-07AA56F5479C", "https://oakland.legistar.com/Video.aspx?Mode=Granicus&ID1=2580&Mode2=Video", "None"
" Concurrent Meeting of the Oakland Redevelopment Successor Agency and the City Council", "1/16/2018", "https://oakland.legistar.com/View.ashx?M=IC&ID=585452&GUID=DA23D4CF-C680-485E-8493-A1BD7FDB078A", "5:30 PM", "City Council Chamber, 3rd Floor", "https://oakland.legistar.com/MeetingDetail.aspx?ID=585452&GUID=DA23D4CF-C680-485E-8493-A1BD7FDB078A&Options=info&Search=", "https://oakland.legistar.com/View.ashx?M=A&ID=585452&GUID=DA23D4CF-C680-485E-8493-A1BD7FDB078A", "https://oakland.legistar.com/View.ashx?M=M&ID=585452&GUID=DA23D4CF-C680-485E-8493-A1BD7FDB078A", "https://oakland.legistar.com/Video.aspx?Mode=Granicus&ID1=2574&Mode2=Video", "None"
"Rules & Legislation Committee", "1/11/2018", "https://oakland.legistar.com/View.ashx?M=IC&ID=583788&GUID=69715718-7887-4D82-A12F-0B7DB9A5DBA3", "10:45 AM", "City Council Chamber, 3rd Floor", "https://oakland.legistar.com/MeetingDetail.aspx?ID=583788&GUID=69715718-7887-4D82-A12F-0B7DB9A5DBA3&Options=info&Search=", "https://oakland.legistar.com/View.ashx?M=A&ID=583788&GUID=69715718-7887-4D82-A12F-0B7DB9A5DBA3", "https://oakland.legistar.com/View.ashx?M=M&ID=583788&GUID=69715718-7887-4D82-A12F-0B7DB9A5DBA3", "https://oakland.legistar.com/Video.aspx?Mode=Granicus&ID1=2572&Mode2=Video", "None"
"Public Safety Committee", "1/9/2018", "https://oakland.legistar.com/View.ashx?M=IC&ID=583449&GUID=873757E5-2EB8-441F-BA5C-FEDEF04860F2", "6:00 PM", "Sgt. Mark Dunakin Room - 1st Floor", "https://oakland.legistar.com/MeetingDetail.aspx?ID=583449&GUID=873757E5-2EB8-441F-BA5C-FEDEF04860F2&Options=info&Search=", "https://oakland.legistar.com/View.ashx?M=A&ID=583449&GUID=873757E5-2EB8-441F-BA5C-FEDEF04860F2", "https://oakland.legistar.com/View.ashx?M=M&ID=583449&GUID=873757E5-2EB8-441F-BA5C-FEDEF04860F2", "https://oakland.legistar.com/Video.aspx?Mode=Granicus&ID1=2569&Mode2=Video", "None"
"Life Enrichment Committee", "1/9/2018", "https://oakland.legistar.com/View.ashx?M=IC&ID=583787&GUID=A991E649-6385-4A08-B8DD-A2A02C9ECC7A", "4:00 PM", "Sgt. Mark Dunakin Room - 1st Floor", "https://oakland.legistar.com/MeetingDetail.aspx?ID=583787&GUID=A991E649-6385-4A08-B8DD-A2A02C9ECC7A&Options=info&Search=", "https://oakland.legistar.com/View.ashx?M=A&ID=583787&GUID=A991E649-6385-4A08-B8DD-A2A02C9ECC7A", "https://oakland.legistar.com/View.ashx?M=M&ID=583787&GUID=A991E649-6385-4A08-B8DD-A2A02C9ECC7A", "https://oakland.legistar.com/Video.aspx?Mode=Granicus&ID1=2568&Mode2=Video", "None"
"Concurrent Meeting of the Oakland Redevelopment Successor Agency and the Community and Economic Development Committee", "1/9/2018", "https://oakland.legistar.com/View.ashx?M=IC&ID=583448&GUID=D53E49D8-775F-429F-8771-A0324EAE877C", "1:30 PM", "Sgt. Mark Dunakin Room - Hearing Room 1", "https://oakland.legistar.com/MeetingDetail.aspx?ID=583448&GUID=D53E49D8-775F-429F-8771-A0324EAE877C&Options=info&Search=", "https://oakland.legistar.com/View.ashx?M=A&ID=583448&GUID=D53E49D8-775F-429F-8771-A0324EAE877C", "https://oakland.legistar.com/View.ashx?M=M&ID=583448&GUID=D53E49D8-775F-429F-8771-A0324EAE877C", "https://oakland.legistar.com/Video.aspx?Mode=Granicus&ID1=2567&Mode2=Video", "None"
"Public Works Committee", "1/9/2018", "https://oakland.legistar.com/View.ashx?M=IC&ID=583786&GUID=49A256A8-B07E-43E7-A029-73F07BC82F28", "11:30 AM", "Sgt. Mark Dunakin Room - 1st Floor", "https://oakland.legistar.com/MeetingDetail.aspx?ID=583786&GUID=49A256A8-B07E-43E7-A029-73F07BC82F28&Options=info&Search=", "https://oakland.legistar.com/View.ashx?M=A&ID=583786&GUID=49A256A8-B07E-43E7-A029-73F07BC82F28", "https://oakland.legistar.com/View.ashx?M=M&ID=583786&GUID=49A256A8-B07E-43E7-A029-73F07BC82F28", "https://oakland.legistar.com/Video.aspx?Mode=Granicus&ID1=2566&Mode2=Video", "None"
"Finance & Management Committee", "1/9/2018", "https://oakland.legistar.com/View.ashx?M=IC&ID=583447&GUID=70F54D2B-6921-4CFA-9C9C-C006332481E6", "9:30 AM", "Sgt. Mark Dunakin Room - 1st Floor", "https://oakland.legistar.com/MeetingDetail.aspx?ID=583447&GUID=70F54D2B-6921-4CFA-9C9C-C006332481E6&Options=info&Search=", "https://oakland.legistar.com/View.ashx?M=A&ID=583447&GUID=70F54D2B-6921-4CFA-9C9C-C006332481E6", "https://oakland.legistar.com/View.ashx?M=M&ID=583447&GUID=70F54D2B-6921-4CFA-9C9C-C006332481E6", "https://oakland.legistar.com/Video.aspx?Mode=Granicus&ID1=2565&Mode2=Video", "None"
"Rules and Legislation Committee - CANCELLED", "1/4/2018", "https://oakland.legistar.com/View.ashx?M=IC&ID=583203&GUID=1DC821F6-183B-4AC4-9DD8-4F2E24E97F65", "10:45 AM", "City Council Chamber, 3rd Floor CANCELLATION NOTICE: The Rules And Legislation Committee is cancelled due to Winter Recess. The next regularly scheduled Rules And Legislation will be held January 11, 2018", "https://oakland.legistar.com/MeetingDetail.aspx?ID=583203&GUID=1DC821F6-183B-4AC4-9DD8-4F2E24E97F65&Options=info&Search=", "None", "None", "None", "None"
"Meeting of the Oakland City Council - CANCELLATION", "1/2/2018", "https://oakland.legistar.com/View.ashx?M=IC&ID=583202&GUID=0F6F10F5-BA7A-4DAF-B4E0-CFCA36617D40", "5:30 PM", "City Council Chamber, 3rd Floor CANCELLATION NOTICE: The Regularly Scheduled City Council meeting is cancelled due to Winter Recess.The next regularly scheduled City Council meeting will be held January 16, 2018", "https://oakland.legistar.com/MeetingDetail.aspx?ID=583202&GUID=0F6F10F5-BA7A-4DAF-B4E0-CFCA36617D40&Options=info&Search=", "None", "None", "None", "None"
